Number,Theme,Subtheme,Year,Set name,Minifigs,Pieces,RRP (GBP),RRP (USD),RRP (CAD),RRP (EUR),EAN,UPC,Width,Height,Depth,Weight,Notes,Qty owned,Qty owned new,Qty owned used,Flag 1 not used,Flag 2 not used,Flag 3 not used,Flag 4 not used,Flag 5 not used,Flag 6 not used,Flag 7 not used,Flag 8 not used,Value new (USD),Value used (USD),Launch date,Exit date
"1374-1","Studios","Spider-Man",2002,"Green Goblin",2,58,4.99,7,,,,673419012478,14.4,14.4,4.8,,"",1,1,0,,,,,,,,,152.8000,49.9400,"23/04/2002","31/12/2003"
"1376-1","Studios","Spider-Man",2002,"Spider-Man Action Studio",5,248,24.99,30,,,,673419010382,28.8,28.8,6,,"",1,1,0,,,,,,,,,130.7800,68.6800,"01/04/2002","30/06/2003"
"1737-1","Space","Exploriens",1996,"Scorpion Detector",2,196,,20,,,,042884017378,,,,,"",1,1,0,,,,,,,,,165.0000,35.0000,"",""
"3423-1","Sports","Football",2002,"Freekick Frenzy",2,54,7.99,10,,,,673419010481,19.2,14.4,6,,"",1,1,0,,,,,,,,,22.0000,5.6400,"01/01/2002","30/06/2004"
"3425-2","Sports","Football",2002,"Grand Championship Cup ",22,570,,,,,,,48,38.4,9.6,,"",1,1,0,,,,,,,,,,98.8300,"01/03/2002","31/12/2002"
"3431-1","Sports","Basketball",2003,"Street Ball 2 vs. 2",4,186,14.99,20,,,5702014265103,673419018371,28.8,19.2,7.2,0.45,"",1,1,0,,,,,,,,,140.0000,38.4700,"01/01/2003","31/12/2004"
"4475-1","Star Wars","Episode VI",2003,"Jabba's Message",3,44,5.99,7,,,5702014259386,673419017169,14.4,14.4,3.9,,"",1,1,0,,,,,,,,,77.4600,40.6100,"01/01/2003","31/12/2003"
"4478-1","Star Wars","Episode II",2003,"Geonosian Fighter",4,170,19.99,20,,,5702014259409,,28.8,19.2,4.8,,"",1,1,0,,,,,,,,,175.4600,83.0300,"01/01/2003","31/12/2004"
"4484-1","Star Wars","Mini Building Set",2003,"X-wing Fighter & TIE Advanced",,76,3.99,4,,,5702014260337,673419017374,11,14.4,4.4,,"",1,1,0,,,,,,,,,23.8500,10.5500,"01/01/2003","31/12/2003"
"4488-1","Star Wars","Mini Building Set",2003,"Millennium Falcon",,87,6.99,7,,,,673419017336,14.4,14.4,4.4,,"",1,1,0,,,,,,,,,42.3600,18.0100,"01/06/2003","01/06/2004"
"4489-1","Star Wars","Mini Building Set",2003,"AT-AT",,98,6.99,7,,,,673419017329,14.4,14.4,4.4,,"",1,1,0,,,,,,,,,31.7400,14.1900,"01/06/2003","01/06/2004"
"4490-1","Star Wars","Mini Building Set",2003,"Republic Gunship",,102,6.99,7,,,,673419017312,14.4,14.4,4.4,,"",1,1,0,,,,,,,,,28.9900,15.9200,"01/06/2003","01/06/2004"
"4500-1","Star Wars","Episode V",2004,"Rebel Snowspeeder",3,214,19.99,20,,,5702014364738,673419060141,28.8,19.2,6,0.28,"",1,1,0,,,,,,,,,139.2200,39.9700,"01/01/2004","31/12/2005"
"4566-1","Racers","Xalax",2001,"Gear",1,8,,3,,,,,,,,,"",1,1,0,,,,,,,,,26.2000,11.8600,"",""
"4567-1","Racers","Xalax",2001,"Surfer",1,8,,3,,,,,,,,,"",1,1,0,,,,,,,,,12.0000,2.9300,"",""
"4568-1","Racers","Xalax",2001,"Loopin",1,8,,3,,,,,,,,,"",1,1,0,,,,,,,,,24.9900,8.5100,"",""
"4569-1","Racers","Xalax",2001,"Warrior",1,8,2.99,3,,,,,,,,,"",1,1,0,,,,,,,,,10.2100,10.4900,"",""
"4570-1","Racers","Xalax",2001,"Shredd",1,8,,3,,,,,,,,,"",1,1,0,,,,,,,,,16.8600,8.8100,"",""
"4571-1","Racers","Xalax",2001,"Spiky",1,8,,3,,,,,,,,,"",1,1,0,,,,,,,,,18.8200,3.9200,"",""
"4572-1","Racers","Xalax",2001,"Scratch",1,8,,3,,,,,,,,,"",1,1,0,,,,,,,,,15.8500,9.8100,"",""
"4573-1","Racers","Xalax",2001,"Lightor",1,8,2.99,3,,,,,,,,,"",1,1,0,,,,,,,,,34.9900,3.5500,"",""
"4593-1","Racers","Drome Racers",2002,"Zero Hurricane and Red Blizzard",2,70,4.99,6.99,,,,,19.2,14.4,4.8,,"",1,1,0,,,,,,,,,16.5700,3.9900,"01/01/2002","31/12/2003"
"4607-1","Jack Stone","",2001,"Copter Transport",2,64,14.99,20,,,,,,,,,"",1,1,0,,,,,,,,,29.7200,11.9900,"",""
"4695-1","Harry Potter","Prisoner of Azkaban",2004,"Mini Harry Potter Knight Bus",,58,,,,,5702014400160,673419046244,17,17,0,,"",1,1,0,,,,,,,,,25.9500,4.9900,"01/04/2004","31/12/2004"
"4701-1","Harry Potter","Philosopher's Stone",2001,"Sorting Hat",1,48,4.99,7,,,5702012016592,042884047016,14.4,14.4,4.8,,"",1,1,0,,,,,,,,,61.0000,12.3900,"01/09/2001","31/12/2002"
"4702-1","Harry Potter","Philosopher's Stone",2001,"The Final Challenge",2,60,8.99,10,,,5702012016608,042884047023,14.4,19.2,4.8,,"",1,1,0,,,,,,,,,48.0000,18.0300,"01/09/2001","31/12/2002"
"4706-1","Harry Potter","Philosopher's Stone",2001,"Forbidden Corridor",3,238,24.99,30,,,5702012016646,042884047061,28.8,28.8,7.2,,"",1,1,0,,,,,,,,,68.7500,42.5400,"01/10/2001","31/12/2003"
"4720-1","Harry Potter","Chamber of Secrets",2003,"Knockturn Alley",2,209,19.99,20,,,5702014291522,673419020763,28.8,19.2,6,,"",1,1,0,,,,,,,,,147.9600,64.0800,"01/04/2003","31/12/2004"
"4722-1","Harry Potter","Philosopher's Stone",2001,"Gryffindor",1,68,8.99,10,,,5702012017995,042884047221,19.2,19.2,4.8,,"",1,1,0,,,,,,,,,77.2400,33.5200,"01/09/2001","31/12/2002"
"4726-1","Harry Potter","Chamber of Secrets",2002,"Quidditch Practice",3,128,11.99,13,,,5702014169098,673419015073,19.2,19.2,6,,"",1,1,0,,,,,,,,,57.5000,13.4800,"20/09/2002","31/12/2004"
"4727-1","Harry Potter","Chamber of Secrets",2002,"Aragog in the Dark Forest",2,178,17.99,20,,,5702014169128,673419015080,28.8,19.2,4.8,,"",1,1,0,,,,,,,,,65.4500,21.0900,"20/09/2002","31/12/2003"
"4731-1","Harry Potter","Chamber of Secrets",2002,"Dobby's Release",2,70,5.99,7,,,5702014244399,673419016063,14.4,14.4,4.8,,"",1,1,0,,,,,,,,,44.1900,18.5500,"20/09/2002","31/12/2003"
"4753-1","Harry Potter","Prisoner of Azkaban",2004,"Sirius Black's Escape",3,188,17.99,20,,,5702014363748,673419033565,19.2,28.8,6,0.36,"",1,1,0,,,,,,,,,105.0700,37.2200,"05/04/2004","31/12/2004"
"4754-1","Harry Potter","Prisoner of Azkaban",2004,"Hagrid's Hut",2,302,19.99,30,,,5702014363755,673419033572,28.8,28.8,6,0.58,"",1,1,0,,,,,,,,,121.2600,48.0200,"05/04/2004","31/12/2005"
"4755-1","Harry Potter","Prisoner of Azkaban",2004,"Knight Bus",2,243,19.99,30,,,5702014364509,673419033756,28.8,28.8,7.2,0.55,"",1,1,0,,,,,,,,,98.0600,46.1800,"05/04/2004","31/12/2005"
"4766-1","Harry Potter","Goblet of Fire",2005,"Graveyard Duel",6,548,29.99,30,,,5702014426399,673419057370,38.4,28.8,6,0.8,"",1,1,0,,,,,,,,,401.7800,168.0400,"01/10/2005","31/07/2006"
"4850-1","Spider-Man","Original Film",2003,"Spider-Man's first chase",3,191,17.99,20,,,5702014312043,,28.8,19.2,7.2,,"",1,1,0,,,,,,,,,299.9900,79.9900,"01/10/2003","30/06/2004"
"4855-1","Spider-Man","Spider-Man 2",2004,"Spider-Man's Train Rescue",4,294,29.99,30,,,,673419036290,28.8,28.8,6,0.48,"",1,1,0,,,,,,,,,284.8700,108.6100,"01/04/2004","31/12/2004"
"4920-1","Rock Raiders","",1999,"Rapid Rider",1,39,,4,,,,,14.4,7.2,6,,"",1,1,0,,,,,,,,,53.0300,11.0400,"01/06/1999","31/12/2000"
"4953-1","Creator","3 in 1",2007,"Fast Flyers",,312,,19.99,,,5702014499973,673419091596,28.8,28.8,6,0.59,"",1,1,0,,,,,,,,,78.8800,15.2800,"01/01/2007","31/12/2008"
"5610-1","City","Construction",2008,"Builder",1,23,2.45,3.49,,,5702014517134,,9.6,9.6,4.8,,"",1,1,0,,,,,,,,,7.6500,3.7300,"01/01/2008","31/12/2009"
"5617-1","Space","Mars Mission",2008,"Alien Jet",1,21,1.95,,,,5702014516052,,9.6,9.6,4.8,,"",1,1,0,,,,,,,,,10.3700,3.9700,"01/01/2008","31/12/2008"
"5619-1","Space","Mars Mission",2008,"Crystal Hawk",1,26,2.45,3.49,,,5702014517271,673419102490,9.6,9.6,4.8,0.04,"",1,1,0,,,,,,,,,10.8200,5.4200,"01/06/2008","31/12/2008"
"6007-1","Castle","Fright Knights",1997,"Bat Lord",1,12,,4.5,,,,042884060077,,,,,"",1,1,0,,,,,,,,,127.7600,28.8000,"",""
"6057-1","Castle","Black Knights",1992,"Sea Serpent",5,126,,16.5,,,,,,,,,"",1,1,0,,,,,,,,,337.5000,67.5200,"",""
"6094-1","Castle","Knights' Kingdom I",2000,"Guarded Treasure",2,103,,15,,,,042884060947,14.4,24,7.2,,"",1,1,0,,,,,,,,,50.0000,23.7000,"01/01/2000","31/12/2002"
"6340-1","Town","Fire",1994,"Hook & Ladder",2,177,,20,,,5702010963409,,,,,,"",1,1,0,,,,,,,,,64.6000,17.7300,"",""
"6361-1","Town","Vehicles",1986,"Mobile Crane",1,163,,12.75,,,,,,,,,"",1,1,0,,,,,,,,,378.1000,25.2600,"",""
"6418-1","Town","Paradisa",1996,"Country Club",5,280,,42,,,,,,,,,"",1,1,0,,,,,,,,,548.4100,160.4500,"",""
"6615-1","Town","Flight",1996,"Eagle Stunt Flyer",1,76,,8.75,,,,,19.2,9.6,4.8,,"",1,1,0,,,,,,,,,50.1300,11.6000,"01/07/1996","31/12/1997"
"6649-1","Town","Maintenance",1995,"Street Sweeper",1,63,,6.75,,,5702010966493,,,,,,"",1,1,0,,,,,,,,,66.4200,10.6300,"",""
"6670-1","Town","Vehicles",1993,"Rescue Rig",1,114,,9.25,,,5702010966707,,,,,,"",1,1,0,,,,,,,,,72.0000,12.5300,"",""
"6721-1","Dinosaurs","",2001,"Mosasaurus",,26,7.99,10,,,,,,,,,"",1,1,0,,,,,,,,,115.0000,37.9600,"",""
"6814-1","Space","Ice Planet 2002",1993,"Ice Tunnelator",1,25,,3,,,,,,,,,"",1,1,0,,,,,,,,,48.0800,8.1700,"",""
"6815-1","Space","Exploriens",1996,"Hovertron",1,29,,3,,,5702010968152,,,,,,"",1,1,0,,,,,,,,,33.1100,6.1500,"",""
"6856-1","Space","Exploriens",1996,"Planetary Decoder",1,80,,8,,,,,19.2,14.4,4.8,,"",1,1,0,,,,,,,,,56.7000,12.1800,"01/04/1996","31/12/1997"
"6865-1","Marvel Super Heroes","The Avengers",2012,"Captain America's Avenging Cycle",3,72,11.99,12.99,15.99,,5702014842397,673419168434,19.1,14.1,4.6,0.11,"",1,1,0,,,,,,,,,21.4300,6.7500,"01/05/2012","31/07/2013"
"6866-1","Marvel Super Heroes","X-Men",2012,"Wolverine's Chopper Showdown",3,199,19.99,19.99,24.99,,5702014842403,673419168441,26.2,19.1,6.1,0.34,"",1,1,0,,,,,,,,,184.9000,108.9600,"01/05/2012","31/12/2013"
"6868-1","Marvel Super Heroes","The Avengers",2012,"Hulk's Helicarrier Breakout",4,389,49.99,49.99,64.99,,5702014842427,673419168465,48,28.2,6.1,0.87,"",1,1,0,,,,,,,,,86.6900,51.5000,"01/05/2012","31/12/2013"
"6869-1","Marvel Super Heroes","The Avengers",2012,"Quinjet Aerial Battle",5,735,69.99,69.99,89.99,,5702014842434,673419168472,48,37.8,7.1,1.43,"",1,1,0,,,,,,,,,99.1800,60.6500,"01/05/2012","31/12/2013"
"6899-1","Space","Exploriens",1996,"Nebula Outpost",2,158,,15,,,,,24,14.4,6,,"",1,1,0,,,,,,,,,150.8900,27.4000,"01/04/1996","31/12/1997"
"6938-1","Space","Exploriens",1996,"Scorpion Detector",2,196,,24,,,5702010969388,,28.8,19.2,6,,"",1,1,0,,,,,,,,,128.0000,38.8300,"01/04/1996","31/12/1996"
"7016-1","Vikings","",2005,"Viking Boat against the Wyvern Dragon",2,112,5.99,10,,,5702014450776,673419066556,24,14.4,4.8,,"",1,1,0,,,,,,,,,51.7900,48.1600,"01/08/2005","31/12/2006"
"7018-1","Vikings","",2005,"Viking Ship challenges the Midgard Serpent",6,578,34.99,50,,,5702014450790,673419066570,57.6,38.4,9.6,,"",1,1,0,,,,,,,,,409.0900,182.1900,"01/08/2005","31/12/2007"
"7030-1","World City","Police and Rescue",2003,"Squad Car",1,51,2.99,4,,,,673419018180,14.4,9.6,4.8,,"",1,1,0,,,,,,,,,18.7000,4.3400,"01/06/2003","31/12/2003"
"7036-1","Castle","Fantasy Era",2007,"Dwarves' Mine",7,575,41.09,59.99,,,5702014510890,673419095358,48,38.4,9.6,1.18,"",1,1,0,,,,,,,,,263.9500,133.7600,"01/01/2008","31/12/2009"
"7092-1","Castle","Fantasy Era",2007,"Skeletons' Prison Carriage",5,193,14.99,19.99,,,5702014499591,673419091367,38.4,19.2,6,0.4,"",1,1,0,,,,,,,,,128.1800,51.9600,"01/06/2007","31/12/2008"
"7103-1","Star Wars","Episode II",2002,"Jedi Duel",2,82,8.99,10,,,5702014151802,673419010269,19.2,14.4,4.8,,"",1,1,0,,,,,,,,,127.4800,46.4800,"23/04/2002","31/12/2003"
"7110-1","Star Wars","Episode IV",1999,"Landspeeder",2,49,,6,,,5702012002649,042884071103,14.4,9.6,4.8,,"",1,1,0,,,,,,,,,78.9800,24.6000,"22/02/1999","31/12/2000"
"7115-1","Star Wars","Episode I",2000,"Gungan Patrol",2,77,,10,,,5702012006456,042884071158,24,14.4,4.8,,"",1,1,0,,,,,,,,,85.0400,41.6000,"01/01/2000","31/12/2001"
"7127-1","Star Wars","Episode VI",2001,"Imperial AT-ST",1,107,8.99,10,,,5702012012556,042884071271,14.4,19.2,4.8,,"",1,1,0,,,,,,,,,70.0000,24.3700,"01/01/2001","31/12/2002"
"7133-1","Star Wars","Episode II",2002,"Bounty Hunter Pursuit",3,259,27.99,30,,,5702014151826,673419010283,28.8,28.8,4.8,,"",1,1,0,,,,,,,,,409.1900,155.8900,"23/04/2002","31/12/2003"
"7134-1","Star Wars","Episode VI",2000,"A-wing Fighter",2,125,,15,,,5702012006470,042884071349,19.2,19.2,6,,"",1,1,0,,,,,,,,,101.9100,23.2900,"01/01/2000","31/12/2001"
"7139-1","Star Wars","Episode VI",2002,"Ewok Attack",4,121,10.99,13,,,5702014151758,673419010214,19.2,19.2,4.8,,"",1,1,0,,,,,,,,,89.6000,34.7300,"01/01/2002","31/12/2003"
"7143-1","Star Wars","Episode II",2002,"Jedi Starfighter",1,138,17.99,20,,,5702014151833,673419010290,28.8,19.2,4.8,,"",1,1,0,,,,,,,,,139.6700,33.1300,"18/03/2002","31/12/2003"
"7151-1","Star Wars","Episode I",1999,"Sith Infiltrator",1,244,,30,,,5702012003134,,33.6,24,7.2,,"",1,1,0,,,,,,,,,125.1800,38.3200,"01/04/1999","31/12/2000"
"7200-1","Star Wars","Episode VI",2002,"Final Duel I",2,29,5.99,7,,,5702014151765,673419010221,14.4,14.4,3.9,,"",1,1,0,,,,,,,,,90.6700,30.9300,"01/01/2002","31/12/2003"
"7203-1","Star Wars","Episode I",2002,"Jedi Defense I",3,59,5.99,7,,,5702014151789,673419010245,14.4,14.4,3.9,,"",1,1,0,,,,,,,,,94.2800,31.9800,"01/01/2002","31/12/2003"
"7204-1","Star Wars","Episode I",2002,"Jedi Defense II",3,53,5.99,7,,,5702014151796,673419010252,14.4,14.4,3.9,,"",1,1,0,,,,,,,,,88.0500,32.0400,"01/01/2002","31/12/2002"
"7239-1","City","Fire",2005,"Fire Truck",2,214,14.99,22.99,29.99,,5702014428850,673419058049,38.4,19.2,7.2,0.44,"",1,1,0,,,,,,,,,50.6200,11.5400,"",""
"7240-1","City","Fire",2005,"Fire Station",3,260,19.99,30,,,5702014428867,673419058056,38.4,28.8,9.6,0.85,"",1,1,0,,,,,,,,,76.7800,26.9800,"",""
"7256-1","Star Wars","Episode III",2005,"Jedi Starfighter and Vulture Droid",1,202,14.99,20,,,5702014426207,673419057219,28.8,19.2,7.2,0.34,"",1,1,0,,,,,,,,,161.1300,33.6200,"01/02/2005","31/12/2006"
"7259-1","Star Wars","Episode III",2005,"ARC-170 Fighter",4,396,29.99,40,,,5702014426238,673419057240,43.2,28.8,6,0.7,"",1,1,0,,,,,,,,,305.2200,104.8800,"01/03/2005","31/12/2006"
"7294-1","Dino 2010","",2005,"Dino Quad",1,39,2.99,,,,5702014466821,,14.4,9.6,4.8,,"",1,1,0,,,,,,,,,39.4400,9.1200,"01/10/2005","31/12/2006"
"7314-1","Space","Life On Mars",2001,"Recon Mech RP",1,194,17.99,20,,,,,28.8,19.2,4.8,,"",1,1,0,,,,,,,,,67.5000,35.5000,"01/01/2001","31/03/2002"
"7595-1","Toy Story","Original Film",2010,"Army Men on Patrol",4,90,9.99,10.99,14.99,,5702014602908,673419130974,19.1,14.1,6.1,0.12,"",1,1,0,,,,,,,,,45.8900,27.8000,"01/01/2010","31/05/2011"
"7622-1","Indiana Jones","Raiders of the Lost Ark",2008,"Race for the Stolen Treasure",4,272,26.45,29.99,,,5702014518315,673419102964,38.4,28.8,4.8,0.53,"",1,1,0,,,,,,,,,233.9400,100.3000,"01/01/2008","31/07/2009"
"7624-1","Indiana Jones","Kingdom of the Crystal Skull",2008,"Jungle Duel",3,90,8.79,9.99,,,5702014518339,673419102988,24,14.4,4.8,0.12,"",1,1,0,,,,,,,,,75.3600,39.5500,"01/05/2008","31/07/2009"
"7687-1","City","Seasonal",2009,"LEGO City Advent Calendar",9,257,19.55,29.99,,,5702014534568,673419112543,38.2,26.2,7.05,0.4,"",1,1,0,,,,,,,,,33.4600,18.0000,"",""
"7700-1","Exo-Force","",2006,"Stealth Hunter",1,164,9.99,14.99,,,5702014467743,,19.2,28.8,4.8,,"",1,1,0,,,,,,,,,79.4100,32.2500,"01/01/2006","31/12/2006"
"7701-1","Exo-Force","",2006,"Grand Titan",1,196,9.99,15,,,5702014467750,,19.2,28.8,4.8,,"",1,1,0,,,,,,,,,89.3100,28.7000,"01/01/2006","31/12/2006"
"7705-1","Exo-Force","",2006,"Gate Assault",5,402,19.99,30,,,,673419079037,38.4,28.8,6,0.73,"",1,1,0,,,,,,,,,127.8000,95.6700,"01/01/2006","31/12/2006"
"7773-1","Aqua Raiders","",2007,"Tiger Shark Attack",2,339,19.99,29.99,,,,673419091428,38.4,28.8,4.8,0.54,"",1,1,0,,,,,,,,,51.1300,29.2600,"",""
"7781-1","Batman","",2006,"The Batmobile: Two-Face's Escape",3,386,24.99,29.99,,,5702014469983,673419080514,38.4,28.8,6,0.69,"",1,1,0,,,,,,,,,305.4600,144.6400,"01/04/2006","31/12/2007"
"7906-1","City","Fire",2007,"Fireboat",3,187,35.99,34.99,,,5702014498884,673419090889,48,28.8,7.2,0.77,"",1,1,0,,,,,,,,,85.5100,31.6700,"01/03/2007","31/07/2008"
"8009-1","Star Wars","Technic",2002,"R2-D2",,240,17.99,20,,,,673419010351,19.2,28.8,4.8,,"",1,1,0,,,,,,,,,67.5000,15.9600,"01/01/2002","31/12/2003"
"8095-1","Star Wars","The Clone Wars",2010,"General Grievous' Starfighter",3,454,45.99,49.99,69.99,,,673419129107,48.01,28.19,6.1,0.78,"",1,1,0,,,,,,,,,136.5000,53.0100,"01/06/2010","31/07/2012"
"8108-1","Exo-Force","Golden City",2007,"Mobile Devastator",13,1009,59.99,89.99,,,,673419091220,65.2,38.4,9.6,2.11,"",1,1,0,,,,,,,,,232.2700,134.5800,"01/06/2007","31/12/2007"
"8158-1","Racers","Speed Racer",2008,"Speed Racer & Snake Oiler",2,242,12.69,19.99,,,5702014521315,673419103824,28.8,28.8,6,0.46,"",1,1,0,,,,,,,,,82.9000,65.4600,"01/04/2008","31/12/2008"
"8159-1","Racers","Speed Racer",2008,"Racer X & Taejo Togokhan",2,237,12.69,19.99,,,5702014521322,673419103794,28.8,28.8,6,0.45,"",1,1,0,,,,,,,,,71.0400,30.3100,"01/04/2008","31/12/2008"
"8531-1","Bionicle","Toa Mata",2001,"Pohatu",,49,4.99,7,,,,042884085315,8.8,18.7,8.8,,"",1,1,0,,,,,,,,,111.8900,19.4500,"01/02/2001","30/06/2002"
"8532-1","Bionicle","Toa Mata",2001,"Onua",,30,4.99,7,,,,042884085322,8.8,18.7,8.8,,"",1,1,0,,,,,,,,,99.9400,16.1500,"01/08/2001","30/06/2002"
"8533-1","Bionicle","Toa Mata",2001,"Gali",,35,4.99,7,,,,042884085339,8.8,18.7,8.8,,"",1,1,0,,,,,,,,,115.9000,17.1000,"01/02/2001","30/06/2002"
"8534-1","Bionicle","Toa Mata",2001,"Tahu",,33,4.99,7,,,,042884085346,8.8,18.8,8.8,,"",1,1,0,,,,,,,,,212.5800,24.6600,"01/02/2001","30/06/2002"
"8535-1","Bionicle","Toa Mata",2001,"Lewa",,36,4.99,7,,,,042884085353,8.8,18.8,8.8,,"",1,1,0,,,,,,,,,136.2200,19.9100,"01/02/2001","30/06/2002"
"8536-1","Bionicle","Toa Mata",2001,"Kopaka",,33,4.99,7,,,,042884085360,8.8,18.8,8.8,,"",1,1,0,,,,,,,,,144.1600,21.2800,"01/02/2001","30/06/2002"
"8537-1","Bionicle","Rahi",2001,"Nui-Rama",,146,10.99,15,,,,,14.4,24,6,,"",1,1,0,,,,,,,,,179.5000,42.2200,"01/08/2001","31/12/2002"
"8560-1","Bionicle","Bohrok",2002,"Pahrak",,41,4.99,8,,,,673419015561,10.9,15.7,8.8,,"",1,1,0,,,,,,,,,61.8100,13.6600,"01/03/2002","31/12/2002"
"8561-1","Bionicle","Bohrok",2002,"Nuhvok",,41,4.99,8,,,5702014265707,673419015578,10.9,15.7,8.8,,"",1,1,0,,,,,,,,,62.9000,13.6600,"01/03/2002","31/12/2002"
"8562-1","Bionicle","Bohrok",2002,"Gahlok",,41,4.99,8,,,5702014152748,673419015585,10.9,15.7,8.8,,"",1,1,0,,,,,,,,,60.6600,13.5500,"01/03/2002","31/12/2002"
"8563-1","Bionicle","Bohrok",2002,"Tahnok",,41,4.99,8,,,,673419011167,10.9,15.7,8.8,,"",1,1,0,,,,,,,,,97.2100,15.2800,"01/03/2002","31/12/2002"
"8564-1","Bionicle","Bohrok",2002,"Lehvak",,41,4.99,8,,,5702014152762,673419015608,10.9,15.7,8.8,,"",1,1,0,,,,,,,,,83.9700,13.7800,"01/03/2002","31/12/2002"
"8565-1","Bionicle","Bohrok",2002,"Kohrak",,41,4.99,8,,,,673419015615,10.9,15.7,8.8,,"",1,1,0,,,,,,,,,80.0000,13.9000,"01/03/2002","31/12/2002"
"8566-1","Bionicle","Toa Nuva",2002,"Onua Nuva",,41,4.99,8,,,5702014167087,,8.8,18.4,8.8,,"",1,1,0,,,,,,,,,105.0000,11.6200,"01/09/2002","31/12/2003"
"8567-1","Bionicle","Toa Nuva",2002,"Lewa Nuva",,37,4.99,8,,,,673419013840,8.8,18.4,8.8,,"",1,1,0,,,,,,,,,104.7200,11.5000,"01/09/2002","31/12/2003"
"8568-1","Bionicle","Toa Nuva",2002,"Pohatu Nuva",,40,4.99,8,,,,673419013857,8.8,18.4,8.8,,"",1,1,0,,,,,,,,,66.6600,10.7200,"01/09/2002","31/12/2003"
"8570-1","Bionicle","Toa Nuva",2002,"Gali Nuva",,44,4.99,8,,,5702014232617,673419015455,8.8,18.4,8.8,,"",1,1,0,,,,,,,,,111.6400,11.7000,"01/09/2002","31/12/2003"
"8571-1","Bionicle","Toa Nuva",2002,"Kopaka Nuva",,42,4.99,8,,,5702014232624,673419015462,8.8,18.4,8.8,,"",1,1,0,,,,,,,,,133.8800,15.2100,"01/09/2002","31/12/2003"
"8572-1","Bionicle","Toa Nuva",2002,"Tahu Nuva",,36,4.99,8,,,,673419015479,8.8,18.4,8.8,,"",1,1,0,,,,,,,,,162.7000,15.7800,"01/09/2002","31/12/2003"
"8573-1","Bionicle","Bohrok-Kal",2003,"Nuhvok-Kal",,41,4.99,8,,,5702014265707,673419018708,10.9,15.7,8.8,,"",1,1,0,,,,,,,,,34.8600,15.8000,"01/03/2003","31/12/2003"
"8574-1","Bionicle","Bohrok-Kal",2003,"Tahnok-Kal",,41,4.99,8,,,,673419018715,10.9,15.7,8.8,,"",1,1,0,,,,,,,,,112.7000,14.7700,"01/03/2003","31/12/2003"
"8575-1","Bionicle","Bohrok-Kal",2003,"Kohrak-Kal",,41,4.99,8,,,,673419018722,10.9,15.7,8.8,,"",1,1,0,,,,,,,,,112.6400,18.0600,"01/03/2003","31/12/2003"
"8576-1","Bionicle","Bohrok-Kal",2003,"Lehvak-Kal",,41,4.99,8,,,,673419018739,10.9,15.7,8.8,,"",1,1,0,,,,,,,,,108.9200,14.3900,"01/03/2003","31/12/2003"
"8578-1","Bionicle","Bohrok-Kal",2003,"Gahlok-Kal",,41,4.99,8,,,,673419018753,10.9,15.7,8.8,,"",1,1,0,,,,,,,,,112.7000,14.8900,"01/03/2003","31/12/2003"
"8587-1","Bionicle","Rahkshi",2003,"Rahkshi Panrahk",,45,5.99,9,,,,673419018647,10.2,18.7,8.8,,"",1,1,0,,,,,,,,,41.3500,10.8500,"15/05/2003","30/06/2004"
"8588-1","Bionicle","Rahkshi",2003,"Rahkshi Kurahk",,45,5.99,9,,,,673419018654,10.2,18.7,8.8,,"",1,1,0,,,,,,,,,72.0500,11.2200,"15/05/2003","30/06/2004"
"8589-1","Bionicle","Rahkshi",2003,"Rahkshi Lerahk",,45,5.99,9,,,,673419018661,10.2,18.7,8.8,,"",1,1,0,,,,,,,,,35.0000,10.5900,"01/07/2003","30/06/2004"
"8590-1","Bionicle","Rahkshi",2003,"Rahkshi Guurahk",,45,5.99,9,,,,673419018678,10.2,18.7,8.8,,"",1,1,0,,,,,,,,,72.0400,11.0900,"01/07/2003","30/06/2004"
"8591-1","Bionicle","Rahkshi",2003,"Rahkshi Vorahk",,45,5.99,9,,,5702014265646,673419038935,10.2,18.7,8.8,,"",1,1,0,,,,,,,,,47.9800,10.8200,"01/07/2003","30/06/2004"
"8592-1","Bionicle","Rahkshi",2003,"Rahkshi Turahk",,45,5.99,9,,,5702014265653,673419018692,10.2,18.7,8.8,,"",1,1,0,,,,,,,,,61.4900,10.7500,"01/07/2003","30/06/2004"
"8596-1","Bionicle","Warriors",2003,"Takanuva",,200,19.99,30,,,,673419019200,28.8,28.8,7.2,0.42,"",1,1,0,,,,,,,,,364.2800,81.5900,"01/07/2003","30/06/2005"
"8601-1","Bionicle","Toa Metru",2004,"Toa Vakama",,48,5.99,8,,,5702014362406,673419033244,9.2,19,9.2,,"",1,1,0,,,,,,,,,174.7200,17.1800,"01/03/2004","31/12/2004"
"8602-1","Bionicle","Toa Metru",2004,"Toa Nokama",,46,5.99,8,,,5702014362413,673419033251,9.2,19,9.2,,"",1,1,0,,,,,,,,,95.5300,14.9800,"01/03/2004","31/12/2004"
"8603-1","Bionicle","Toa Metru",2004,"Toa Whenua",,49,5.99,8,,,,673419033268,9.2,19,9.2,,"",1,1,0,,,,,,,,,87.3000,15.9600,"01/03/2004","31/12/2004"
"8604-1","Bionicle","Toa Metru",2004,"Toa Onewa",,44,5.99,8,,,5702014362437,673419033275,9.2,19,9.2,,"",1,1,0,,,,,,,,,94.0300,14.3800,"01/03/2004","31/12/2004"
"8605-1","Bionicle","Toa Metru",2004,"Toa Matau",,46,5.99,8,,,5702014362444,673419033282,9.2,19,9.2,,"",1,1,0,,,,,,,,,112.0400,14.8400,"01/03/2004","31/12/2004"
"8606-1","Bionicle","Toa Metru",2004,"Toa Nuju",,48,5.99,8,,,5702014362468,673419033299,9.2,19,9.2,,"",1,1,0,,,,,,,,,89.9100,14.8100,"01/03/2004","31/12/2004"
"8614-1","Bionicle","Vahki",2004,"Nuurakh",,32,5.99,9,,,5702014362543,673419033374,10.2,19,8.8,,"",1,1,0,,,,,,,,,41.5600,8.4600,"20/07/2004","31/07/2005"
"8617-1","Bionicle","Vahki",2004,"Zadakh",,32,5.99,9,,,,673419033657,10.2,19,8.8,,"",1,1,0,,,,,,,,,37.0900,8.2300,"20/07/2004","31/07/2005"
"8619-1","Bionicle","Vahki",2004,"Keerakh",,32,5.99,9,,,,673419033671,10.2,19,8.8,,"",1,1,0,,,,,,,,,30.8500,8.6800,"20/07/2004","31/07/2005"
"8622-1","Bionicle","Warriors",2004,"Nidhiki",,170,14.99,20,,,,673419033695,24,28.8,6,,"",1,1,0,,,,,,,,,119.8100,38.9500,"01/07/2004","30/11/2005"
"8668-1","Racers","Power Racers",2006,"Side Rider 55",,111,6.99,10,,,,673419079143,24,14.4,6,,"",1,1,0,,,,,,,,,12.4700,3.6400,"01/01/2006","31/12/2006"
"8683-1","Collectable Minifigures","Series 1",2010,"Tribal Hunter",1,9,1.99,1.99,,,5702014602304,673419130479,8.8,1,11.7,,"",1,1,0,,,,,,,,,27.9500,16.6700,"01/05/2010","31/12/2010"
"8683-2","Collectable Minifigures","Series 1",2010,"Cheerleader",1,7,1.99,1.99,,,,,8.8,1,11.7,,"",1,1,0,,,,,,,,,19.0600,10.9400,"01/05/2010","31/12/2010"
"8683-3","Collectable Minifigures","Series 1",2010,"Caveman",1,6,1.99,1.99,,,,,8.8,1,11.7,,"",1,1,0,,,,,,,,,15.0700,8.2400,"01/05/2010","31/12/2010"
"8683-4","Collectable Minifigures","Series 1",2010,"Circus Clown",1,6,1.99,1.99,,,,,8.8,1,11.7,,"",1,1,0,,,,,,,,,23.7500,16.8800,"01/05/2010","31/12/2010"
"8683-5","Collectable Minifigures","Series 1",2010,"Zombie",1,6,1.99,1.99,,,,,8.8,1,11.7,,"",1,1,0,,,,,,,,,27.3000,16.6900,"01/05/2010","31/12/2010"
"8683-6","Collectable Minifigures","Series 1",2010,"Skater",1,8,1.99,1.99,,,,,8.8,1,11.7,,"",1,1,0,,,,,,,,,13.6600,8.7800,"01/05/2010","31/12/2010"
"8683-7","Collectable Minifigures","Series 1",2010,"Robot",1,6,1.99,1.99,,,,,8.8,1,11.7,,"",1,1,0,,,,,,,,,18.0500,9.7500,"01/05/2010","31/12/2010"
"8683-8","Collectable Minifigures","Series 1",2010,"Demolition Dummy",1,6,1.99,1.99,,,,,8.8,1,11.7,,"",1,1,0,,,,,,,,,16.1300,9.7300,"01/05/2010","31/12/2010"
"8683-9","Collectable Minifigures","Series 1",2010,"Magician",1,6,1.99,1.99,,,,,8.8,1,11.7,,"",1,1,0,,,,,,,,,17.5300,9.4300,"01/05/2010","31/12/2010"
"8683-10","Collectable Minifigures","Series 1",2010,"Super Wrestler",1,5,1.99,1.99,,,,,8.8,1,11.7,,"",1,1,0,,,,,,,,,19.7700,11.1500,"01/05/2010","31/12/2010"
"8683-11","Collectable Minifigures","Series 1",2010,"Nurse",1,8,1.99,1.99,,,,,8.8,1,11.7,,"",1,1,0,,,,,,,,,35.9900,21.6400,"01/05/2010","31/12/2010"
"8683-12","Collectable Minifigures","Series 1",2010,"Ninja",1,7,1.99,1.99,,,,,8.8,1,11.7,,"",1,1,0,,,,,,,,,11.1700,7.5600,"01/05/2010","31/12/2010"
"8683-13","Collectable Minifigures","Series 1",2010,"Spaceman",1,9,1.99,1.99,,,,,8.8,1,11.7,,"",1,1,0,,,,,,,,,18.3900,11.6300,"01/05/2010","31/12/2010"
"8683-14","Collectable Minifigures","Series 1",2010,"Forestman",1,9,1.99,1.99,,,,,8.8,1,11.7,,"",1,1,0,,,,,,,,,30.7600,20.7800,"01/05/2010","31/12/2010"
"8683-15","Collectable Minifigures","Series 1",2010,"Deep Sea Diver",1,9,1.99,1.99,,,,,8.8,1,11.7,,"",1,1,0,,,,,,,,,10.6500,7.3200,"01/05/2010","31/12/2010"
"8683-16","Collectable Minifigures","Series 1",2010,"Cowboy",1,8,1.99,1.99,,,,673419130479,8.79,0.97,11.71,0.01,"",1,1,0,,,,,,,,,18.4000,9.8500,"01/05/2010","31/12/2010"
"8683-17","Collectable Minifigures","Series 1",2010,"LEGO Minifigures - Series 1 - Complete",16,115,31.84,,,,,,8.8,1,11.7,,"",1,1,0,,,,,,,,,,,"01/05/2010","31/12/2010"
"8684-7","Collectable Minifigures","Series 2",2010,"Explorer",1,8,1.99,1.99,2.99,,,,8.8,1,11.7,,"",1,1,0,,,,,,,,,9.8900,5.9400,"01/09/2010","31/12/2010"
"8706-1","Castle","Knights' Kingdom II",2006,"Karzon",,44,5.99,9.99,,,5702014466579,673419078184,9.03,22.6,9.03,0.28,"",1,1,0,,,,,,,,,16.8000,10.2600,"01/01/2006","31/07/2007"
"8727-1","Bionicle","Toa Inika",2006,"Toa Jaller",,46,7.99,10,,,5702014467279,673419078627,14.5,23,7.2,0.29,"",1,1,0,,,,,,,,,64.4900,21.8200,"01/08/2006","31/07/2007"
"8728-1","Bionicle","Toa Inika",2006,"Toa Hahli",,46,7.99,9.99,,,,673419078634,14.5,23,7.2,0.3,"",1,1,0,,,,,,,,,64.5300,24.7000,"01/08/2006","31/07/2007"
"8729-1","Bionicle","Toa Inika",2006,"Toa Nuparu",,54,7.99,9.99,,,,673419078641,14.5,23,7.2,0.31,"",1,1,0,,,,,,,,,156.3000,30.5900,"01/08/2006","31/07/2007"
"8731-1","Bionicle","Toa Inika",2006,"Toa Kongu",,46,7.99,9.99,,,,673419078672,14.5,23,7.2,0.29,"",1,1,0,,,,,,,,,90.0800,19.8900,"01/08/2006","31/07/2007"
"8732-1","Bionicle","Toa Inika",2006,"Toa Matoro",,46,7.99,9.99,,,5702014467323,673419078689,14.5,23,7.2,0.3,"",1,1,0,,,,,,,,,82.1800,27.1800,"01/08/2006","31/07/2007"
"8736-1","Bionicle","Toa Hordika",2005,"Toa Hordika Vakama",,48,5.99,8.99,,,5702014423688,673419056151,10.2,20,8.8,,"",1,1,0,,,,,,,,,94.7200,9.5200,"01/07/2005","31/07/2006"
"8737-1","Bionicle","Toa Hordika",2005,"Toa Hordika Nokama",,48,5.99,9,,,,673419056168,10.2,20,8.8,,"",1,1,0,,,,,,,,,60.6600,13.5500,"01/07/2005","31/07/2006"
"8738-1","Bionicle","Toa Hordika",2005,"Toa Hordika Whenua",,48,5.99,9,,,5702014423718,,10.2,20,8.8,,"",1,1,0,,,,,,,,,44.2700,11.1700,"01/07/2005","31/07/2006"
"8739-1","Bionicle","Toa Hordika",2005,"Toa Hordika Onewa",,48,5.99,9,,,,673419056182,10.2,20,8.8,,"",1,1,0,,,,,,,,,53.0600,11.2400,"01/07/2005","31/07/2006"
"8740-1","Bionicle","Toa Hordika",2005,"Toa Hordika Matau",,48,5.99,9,,,,673419056199,10.2,20,8.8,,"",1,1,0,,,,,,,,,59.9500,8.9800,"01/07/2005","31/07/2006"
"8741-1","Bionicle","Toa Hordika",2005,"Toa Hordika Nuju",,48,5.99,9,,,5702014423749,673419056205,10.2,20,8.8,,"",1,1,0,,,,,,,,,44.2600,12.5000,"01/07/2005","31/07/2006"
"8742-1","Bionicle","Visorak",2005,"Visorak Vohtarak",,47,5.99,9,,,,673419056212,10.2,20,8.8,,"",1,1,0,,,,,,,,,37.1700,11.8600,"01/03/2005","31/12/2005"
"8757-1","Bionicle","Playsets",2005,"Visorak Battle Ram",14,189,19.99,30,,,,673419056670,28.8,28.8,6,0.44,"",1,1,0,,,,,,,,,44.8000,50.3000,"21/07/2005","31/12/2006"
"8804-2","Collectable Minifigures","Series 4",2011,"Kimono Girl",1,6,1.99,2.99,3.49,,,,8.8,1,11.7,,"",1,1,0,,,,,,,,,11.7900,8.9000,"01/04/2011","31/08/2011"
"8805-5","Collectable Minifigures","Series 5",2011,"Cave Woman",1,7,1.99,2.99,3.49,,,,8.8,1,11.7,,"",1,1,0,,,,,,,,,5.1800,3.5000,"01/09/2011","31/12/2011"
"8811-1","Bionicle","Warriors",2004,"Toa Lhikan and Kikanalo",,214,9.99,30,,,,673419061452,28.8,28.8,7.2,0.62,"",1,1,0,,,,,,,,,171.5800,81.7800,"19/10/2004","31/12/2005"
"8833-14","Collectable Minifigures","Series 8",2012,"Actor",1,7,1.99,2.99,,,,,8.8,1,11.7,,"",1,1,0,,,,,,,,,18.8000,11.8900,"01/09/2012","31/12/2012"
"8894-1","Bionicle","Playsets",2006,"Piraka Stronghold",12,648,49.99,74.99,,,,673419078795,57.6,38.4,9.6,1.7,"",1,1,0,,,,,,,,,159.9700,70.5300,"01/08/2006","31/07/2007"
"8900-1","Bionicle","Piraka",2006,"Reidak",,41,6.99,8.99,,,5702014465800,,10.2,20,8.8,,"",1,1,0,,,,,,,,,80.5400,20.9200,"01/01/2006","31/12/2006"
"8901-1","Bionicle","Piraka",2006,"Hakann",,42,6.99,8.99,,,5702014465817,673419077866,10.2,20,8.8,,"",1,1,0,,,,,,,,,57.7800,20.2900,"01/01/2006","31/12/2006"
"8902-1","Bionicle","Piraka",2006,"Vezok",,41,6.99,8.99,,,5702014465824,673419077873,10.2,20,8.8,,"",1,1,0,,,,,,,,,60.3200,23.6100,"01/01/2006","31/12/2006"
"8905-1","Bionicle","Piraka",2006,"Thok",,42,6.99,8.99,,,5702014465855,673419077903,10.2,20,8.8,,"",1,1,0,,,,,,,,,84.5400,22.5900,"01/01/2006","31/12/2006"
"8961-1","Power Miners","",2009,"Crystal Sweeper",4,474,41.09,69.99,,,,673419112819,48,37.8,7.05,1.06,"",1,1,0,,,,,,,,,220.3100,87.6200,"01/01/2009","31/12/2009"
"9494-1","Star Wars","Episode III",2012,"Anakin's Jedi Interceptor",5,300,34.99,39.99,49.99,,5702014841086,,38.2,26.2,4.7,,"",1,1,0,,,,,,,,,130.2700,65.8800,"01/01/2012","31/12/2013"
"10265-1","Creator Expert","Vehicles",2019,"Ford Mustang",,1471,149.99,169.99,209.99,169.99,5702016368260,673419302425,48,28.2,11.8,,"",1,1,0,,,,,,,,,134.8100,98.4700,"01/03/2019","31/12/2023"
"10272-1","Creator Expert","Stadiums",2020,"Old Trafford - Manchester United",,3898,244.99,299.99,349.99,279.99,5702016667998,,58.2,48,17,,"",1,1,0,,,,,,,,,322.9100,212.1500,"01/02/2020","31/12/2022"
"10937-1","DC Comics Super Heroes","Batman",2013,"Batman: Arkham Asylum Breakout",8,1619,129.99,159.99,209.99,,5702014973398,,58.2,48,9.1,,"",1,1,0,,,,,,,,,195.0700,191.0200,"01/01/2013","31/12/2014"
"21108-1","Ideas","Licensed",2014,"Ghostbusters Ecto-1",4,508,44.99,49.99,59.99,49.99,5702015287593,,35.4076,19.1008,5.8928,0.69,"",1,1,0,,,,,,,,,114.5200,94.9800,"01/06/2014","31/12/2016"
"21304-1","Ideas","Licensed",2015,"Doctor Who",6,623,49.99,59.99,69.99,59.99,5702015535588,673419243766,26.2,19.1,7.2,,"",1,1,0,,,,,,,,,163.5900,143.2300,"01/12/2015","31/12/2016"
"21336-1","Ideas","Licensed",2022,"The Office",15,1164,104.99,119.99,149.99,119.99,5702017261157,673419368216,48,28.2,9.1,,"",1,1,0,,,,,,,,,104.4900,87.3000,"01/10/2022","31/12/2025"
"21339-1","Ideas","Licensed",2023,"BTS Dynamite",7,749,89.99,99.99,129.99,99.99,5702017417462,673419376266,38.2,26.2,9.4,,"",1,1,0,,,,,,,,,79.0700,55.0000,"01/03/2023","31/12/2024"
"30443-1","Marvel Super Heroes","Spider-Man: Far From Home",2022,"Spider-Man Bridge Battle",1,44,,,,,,,17,17,1.7,,"",1,1,0,,,,,,,,,6.4300,3.9700,"17/01/2022","31/12/2022"
"30453-1","Marvel Super Heroes","Captain Marvel",2020,"Captain Marvel and Nick Fury",2,32,3.49,4.99,,3.99,5702016669015,673419322539,17,17,0.8,,"",1,1,0,,,,,,,,,5.8400,3.7500,"01/01/2020","31/12/2020"
"30652-1","Marvel Super Heroes","Doctor Strange in the Multiverse of Madness",2023,"Doctor Strange's Interdimensional Portal",1,44,,4.99,,,,,17,19.5,1.5,,"",1,1,0,,,,,,,,,4.3500,2.9000,"01/02/2023","31/12/2023"
"30653-1","DC Comics Super Heroes","Batman Returns",2023,"Batman 1992",1,40,,4.99,,,,,17,19.5,1.5,,"",1,1,0,,,,,,,,,4.5900,4.7900,"05/06/2023","31/12/2024"
"41589-1","BrickHeadz","Marvel Super Heroes",2017,"Captain America",,79,9.99,9.99,12.99,9.99,,673419267182,9.0932,12.192,7.7978,0.1043262,"",1,1,0,,,,,,,,,47.1800,17.1400,"01/03/2017","31/12/2017"
"41590-1","BrickHeadz","Marvel Super Heroes",2017,"Iron Man",,96,9.99,9.99,12.99,9.99,,673419267199,9.0932,12.192,7.7978,0.1088621,"",1,1,0,,,,,,,,,36.0400,18.8500,"01/03/2017","31/12/2017"
"60078-1","City","Space",2015,"Utility Shuttle",2,155,17.99,24.99,29.99,19.99,5702015349819,673419230513,26.2128,19.1008,6.096,0.35866,"",1,1,0,,,,,,,,,31.3800,15.3200,"01/06/2015","31/12/2016"
"60298-1","City","Stuntz",2021,"Rocket Stunt Bike",1,14,6.99,7.99,9.99,7.99,5702016911596,,9.1,12.2,4.7,0.047,"",1,1,0,,,,,,,,,6.1400,5.5000,"01/10/2021","31/12/2022"
"60347-1","City","Town",2022,"Grocery Store",5,404,54.99,69.99,89.99,59.99,5702017161617,,47.8,28,5.8,0.916,"",1,1,0,,,,,,,,,67.1700,64.1700,"01/06/2022","31/12/2022"
"60430-1","City","Space",2024,"Interstellar Spaceship",1,240,17.99,19.99,24.99,19.99,5702017588094,673419389686,26.2,19.1,4.6,0.369,"",1,1,0,,,,,,,,,13.9300,,"01/01/2024","31/12/2025"
"70160-1","Ultra Agents","",2014,"Riverside Raid",2,88,9.99,11.99,15.99,9.99,5702015124232,673419210461,15.6972,14.097,4.4958,0.11,"",1,1,0,,,,,,,,,11.6200,5.2400,"01/06/2014","31/07/2015"
"70841-1","The LEGO Movie 2","",2019,"Benny's Space Squad",5,68,8.99,9.99,13.99,9.99,5702016395396,673419308786,14.1,12.2,4.6,0.09,"",1,1,0,,,,,,,,,26.0600,23.5600,"01/01/2019","31/12/2019"
"71000-12","Collectable Minifigures","Series 9",2013,"Mermaid",1,6,1.99,2.99,,,5702014973497,,8.8,1,11.7,,"",1,1,0,,,,,,,,,11.0800,7.8400,"01/01/2013","30/04/2013"
"71001-16","Collectable Minifigures","Series 10",2013,"Motorcycle Mechanic",1,6,1.99,2.99,,,5702014973565,673419191012,8.8,1,11.7,,"",1,1,0,,,,,,,,,5.0900,2.5700,"01/05/2013","31/08/2013"
"71017-12","Collectable Minifigures","The LEGO Batman Movie Series",2017,"Eraser",1,6,2.99,3.99,,,,,11.9888,8.9916,0.2032,0.00907184,"",1,1,0,,,,,,,,,4.0400,2.5100,"01/01/2017","30/04/2017"
"71022-3","Collectable Minifigures","Harry Potter Series",2018,"Ron Weasley",1,7,,3.99,,,,,12,9,0.2,,"",1,1,0,,,,,,,,,5.6300,3.7100,"01/08/2018","31/12/2018"
"71022-4","Collectable Minifigures","Harry Potter Series",2018,"Draco Malfoy",1,9,,3.99,,,,,12,9,0.2,,"",1,1,0,,,,,,,,,5.5000,3.6600,"01/08/2018","31/12/2018"
"71022-5","Collectable Minifigures","Harry Potter Series",2018,"Luna Lovegood",1,9,,3.99,,,,,12,9,0.2,,"",1,1,0,,,,,,,,,15.9200,13.7300,"01/08/2018","31/12/2018"
"71022-6","Collectable Minifigures","Harry Potter Series",2018,"Neville Longbottom",1,9,,3.99,,,,,12,9,0.2,,"",1,1,0,,,,,,,,,5.0500,3.5400,"01/08/2018","31/12/2018"
"71022-11","Collectable Minifigures","Harry Potter Series",2018,"Professor Sybill Trelawney",1,8,,3.99,,,,,12,9,0.2,,"",1,1,0,,,,,,,,,17.5600,13.0100,"01/08/2018","31/12/2018"
"71022-12","Collectable Minifigures","Harry Potter Series",2018,"Cedric Diggory",1,7,,3.99,,,,,12,9,0.2,,"",1,1,0,,,,,,,,,5.6700,3.4300,"01/08/2018","31/12/2018"
"71022-17","Collectable Minifigures","Harry Potter Series",2018,"Newt Scamander",1,9,,3.99,,,,,12,9,0.2,,"",1,1,0,,,,,,,,,9.4800,6.7900,"01/08/2018","31/12/2018"
"71024-9","Collectable Minifigures","Disney Series 2",2019,"Elsa",1,7,2.99,3.99,,3.99,5702016369298,673419303163,,,,,"",1,1,0,,,,,,,,,4.7300,4.0100,"",""
"71024-10","Collectable Minifigures","Disney Series 2",2019,"Anna",1,8,2.99,3.99,,3.99,5702016369298,673419303163,,,,,"",1,1,0,,,,,,,,,4.9800,3.7300,"",""
"71024-15","Collectable Minifigures","Disney Series 2",2019,"Sally",1,7,2.99,3.99,,3.99,5702016369298,673419303163,,,,,"",1,1,0,,,,,,,,,6.9100,5.5800,"",""
"71024-16","Collectable Minifigures","Disney Series 2",2019,"Jack Skellington",1,10,2.99,3.99,,3.99,5702016369298,673419303163,,,,,"",1,1,0,,,,,,,,,17.9200,17.1700,"",""
"71024-18","Collectable Minifigures","Disney Series 2",2019,"Frozone",1,7,2.99,3.99,,3.99,5702016369298,673419303163,,,,,"",1,1,0,,,,,,,,,3.1500,2.8600,"",""
"71026-4","Collectable Minifigures","DC Super Heroes Series",2020,"Stargirl",1,9,,4.99,,,5702016619416,673419319362,9.5,15,0.7,0.01,"",1,1,0,,,,,,,,,4.5300,3.2200,"",""
"71026-6","Collectable Minifigures","DC Super Heroes Series",2020,"Cheetah",1,9,,4.99,,,5702016619416,673419319362,9.5,15,0.7,0.01,"",1,1,0,,,,,,,,,4.0500,3.1600,"",""
"71026-8","Collectable Minifigures","DC Super Heroes Series",2020,"Green Lantern",1,9,,4.99,,,5702016619416,673419319362,9.5,15,0.7,0.01,"",1,1,0,,,,,,,,,5.4200,3.9400,"",""
"71026-11","Collectable Minifigures","DC Super Heroes Series",2020,"Huntress",1,10,,4.99,,,5702016619416,673419319362,9.5,15,0.7,0.01,"",1,1,0,,,,,,,,,6.6000,5.5000,"",""
"71026-12","Collectable Minifigures","DC Super Heroes Series",2020,"Metamorpho",1,7,,4.99,,,5702016619416,673419319362,9.5,15,0.7,0.01,"",1,1,0,,,,,,,,,3.7400,2.8400,"",""
"71026-13","Collectable Minifigures","DC Super Heroes Series",2020,"Joker",1,11,,4.99,,,5702016619416,673419319362,9.5,15,0.7,0.01,"",1,1,0,,,,,,,,,4.1200,3.3500,"",""
"71026-14","Collectable Minifigures","DC Super Heroes Series",2020,"Bumblebee",1,10,,4.99,,,5702016619416,673419319362,9.5,15,0.7,0.01,"",1,1,0,,,,,,,,,5.3800,4.1800,"",""
"71028-5","Collectable Minifigures","Harry Potter Series 2",2020,"Luna Lovegood",1,6,,4.99,,,5702016619430,673419319386,9.5,15,0.7,0.01,"",1,1,0,,,,,,,,,5.4700,3.9200,"",""
"71028-6","Collectable Minifigures","Harry Potter Series 2",2020,"Griphook",1,7,,4.99,,,5702016619430,673419319386,9.5,15,0.7,0.01,"",1,1,0,,,,,,,,,4.1900,3.2400,"",""
"71028-9","Collectable Minifigures","Harry Potter Series 2",2020,"Ginny Weasley",1,8,,4.99,,,5702016619430,673419319386,9.5,15,0.7,0.01,"",1,1,0,,,,,,,,,5.7800,5.0400,"",""
"71031-1","Collectable Minifigures","Marvel Studios Series",2021,"The Scarlet Witch",1,8,3.49,4.99,,3.99,5702016912722,673419339018,9.5,15,0.7,,"",1,1,0,,,,,,,,,6.2200,6.9000,"01/09/2021","31/12/2021"
"71031-2","Collectable Minifigures","Marvel Studios Series",2021,"The Vision",1,8,3.49,4.99,,3.99,,,9.5,15,0.7,,"",1,1,0,,,,,,,,,81.8500,81.4900,"01/09/2021","31/12/2021"
"71031-3","Collectable Minifigures","Marvel Studios Series",2021,"Monica Rambeau",1,10,3.49,4.99,,3.99,,,9.5,15,0.7,,"",1,1,0,,,,,,,,,247.7200,3.5900,"01/09/2021","31/12/2021"
"71031-4","Collectable Minifigures","Marvel Studios Series",2021,"Winter Soldier",1,8,3.49,4.99,,3.99,,,9.5,15,0.7,,"",1,1,0,,,,,,,,,5.3300,4.2500,"01/09/2021","31/12/2021"
"71031-5","Collectable Minifigures","Marvel Studios Series",2021,"Captain America",1,10,3.49,4.99,,3.99,,,9.5,15,0.7,,"",1,1,0,,,,,,,,,7.4300,6.4100,"01/09/2021","31/12/2021"
"71031-6","Collectable Minifigures","Marvel Studios Series",2021,"Loki",1,7,3.49,4.99,,3.99,,,9.5,15,0.7,,"",1,1,0,,,,,,,,,6.1100,5.3800,"01/09/2021","31/12/2021"
"71031-7","Collectable Minifigures","Marvel Studios Series",2021,"Sylvie",1,7,3.49,4.99,,3.99,,,9.5,15,0.7,,"",1,1,0,,,,,,,,,6.0200,4.5600,"01/09/2021","31/12/2021"
"71031-8","Collectable Minifigures","Marvel Studios Series",2021,"Zombie Hunter Spidey",1,9,3.49,4.99,,3.99,,,9.5,15,0.7,,"",1,1,0,,,,,,,,,9.4500,9.2500,"01/09/2021","31/12/2021"
"71031-9","Collectable Minifigures","Marvel Studios Series",2021,"Zombie Captain America",1,6,3.49,4.99,,3.99,,,9.5,15,0.7,,"",1,1,0,,,,,,,,,6.4500,5.7300,"01/09/2021","31/12/2021"
"71031-10","Collectable Minifigures","Marvel Studios Series",2021,"Captain Carter",1,8,3.49,4.99,,3.99,,,9.5,15,0.7,,"",1,1,0,,,,,,,,,5.8800,5.0700,"01/09/2021","31/12/2021"
"71031-11","Collectable Minifigures","Marvel Studios Series",2021,"T'Challa Star-Lord",1,9,3.49,4.99,,3.99,,,9.5,15,0.7,,"",1,1,0,,,,,,,,,5.2000,4.5800,"01/09/2021","31/12/2021"
"71031-12","Collectable Minifigures","Marvel Studios Series",2021,"Gamora with Blade of Thanos",1,8,3.49,4.99,4.99,3.99,5702016912722,,9.5,15,0.7,,"",1,1,0,,,,,,,,,4.9100,4.2100,"01/09/2021","31/12/2021"
"71031-13","Collectable Minifigures","Marvel Studios Series",2021,"LEGO Minifigures - Marvel Studios Series - Complete",12,98,,,,,5702016912722,673419339018,9.5,15,0.7,,"",1,1,0,,,,,,,,,,,"01/09/2021","31/12/2021"
"71038-3","Collectable Minifigures","Disney 100 Series",2023,"Jiminy Cricket",1,7,3.49,4.99,,3.99,,,9.5,15,0.7,,"",1,1,0,,,,,,,,,,,"01/05/2023","31/08/2023"
"71038-11","Collectable Minifigures","Disney 100 Series",2023,"Miguel Rivera",1,9,3.49,4.99,,3.99,,,9.5,15,0.7,,"",1,1,0,,,,,,,,,,,"01/05/2023","31/08/2023"
"71038-12","Collectable Minifigures","Disney 100 Series",2023,"Pocahontas",1,9,3.49,4.99,,3.99,,,9.5,15,0.7,,"",1,1,0,,,,,,,,,,,"01/05/2023","31/08/2023"
"71038-15","Collectable Minifigures","Disney 100 Series",2023,"Prince John",1,7,3.49,4.99,,3.99,,,9.5,15,0.7,,"",1,1,0,,,,,,,,,,,"01/05/2023","31/08/2023"
"71238-1","Dimensions","Fun Pack",2016,"Cyberman Fun Pack",1,40,14.99,14.99,14.99,14.99,,,17.2,19,4.9,,"",1,1,0,,,,,,,,,28.8700,20.7100,"19/01/2016","31/12/2017"
"71453-1","Dreamzzz","Season 1: Trials of the Dream Chasers",2023,"Izzie and Bunchu the Bunny",2,259,18.99,19.99,24.99,20.99,5702017419237,673419376204,26.2,19.1,4.6,,"",1,1,0,,,,,,,,,16.4400,12.0000,"01/08/2023","31/12/2024"
"75038-1","Star Wars","Episode III",2014,"Jedi Interceptor",2,223,19.99,24.99,29.99,29.99,5702015121163,673419209366,26.1874,19.1008,6.096,0.34,"",1,1,0,,,,,,,,,73.2300,28.0300,"01/01/2014","31/12/2015"
"75040-1","Star Wars","Episode III",2014,"General Grievous' Wheel Bike",2,261,19.99,24.99,29.99,29.99,5702015121187,673419209380,26.1874,19.1008,4.5974,0.3,"",1,1,0,,,,,,,,,107.7200,47.9800,"01/01/2014","31/12/2015"
"75093-1","Star Wars","Episode VI",2015,"Death Star Final Duel",5,724,69.99,79.99,99.99,89.99,5702015352161,673419231329,48.006,28.194,7.3914,1.238306,"",1,1,0,,,,,,,,,101.9300,74.8100,"01/06/2015","31/12/2016"
"75099-1","Star Wars","Episode VII",2015,"Rey's Speeder",2,193,19.99,19.99,24.99,26.99,5702015352611,673419231572,26.2128,14.097,4.8006,0.2313319,"",1,1,0,,,,,,,,,29.2000,15.0300,"04/09/2015","31/12/2017"
"75105-1","Star Wars","Episode VII",2015,"Millennium Falcon",7,1329,139.99,149.99,179.99,149.99,5702015352659,673419231619,58.1914,37.7952,8.7122,2.313319,"",1,1,0,,,,,,,,,144.3000,82.8600,"04/09/2015","31/12/2017"
"75132-1","Star Wars","Episode VII",2016,"First Order Battle Pack",4,88,11.99,12.99,15.99,16.99,,673419247122,19.1008,14.097,4.5974,0.1179339,"",1,1,0,,,,,,,,,18.4500,11.4900,"01/01/2016","31/12/2017"
"75135-1","Star Wars","Episode III",2016,"Obi-Wan's Jedi Interceptor",2,215,19.99,24.99,29.99,29.99,,673419247498,26.2128,19.1008,6.096,0.3674095,"",1,1,0,,,,,,,,,96.8800,51.8900,"01/01/2016","31/12/2016"
"75155-1","Star Wars","Rogue One",2016,"Rebel U-wing Fighter",5,659,74.99,79.99,99.99,79.99,,673419248600,54.0004,28.194,5.8928,1.202019,"",1,1,0,,,,,,,,,197.7400,110.6500,"30/09/2016","31/07/2018"
"75165-1","Star Wars","Rogue One",2017,"Imperial Trooper Battle Pack",4,112,11.99,14.99,16.99,14.99,5702015866767,673419265553,19.1008,14.097,4.5974,0.1224698,"",1,1,0,,,,,,,,,48.9200,34.8900,"01/01/2017","31/12/2017"
"75166-1","Star Wars","Episode VII",2017,"First Order Transport Speeder Battle Pack",4,117,11.99,14.99,16.99,14.99,5702015866781,673419265584,19.1008,14.097,4.5974,0.1406135,"",1,1,0,,,,,,,,,24.6500,18.2200,"01/06/2017","31/12/2018"
"75169-1","Star Wars","Episode I",2017,"Duel on Naboo",3,208,19.99,24.99,29.99,29.99,,673419265812,26.2128,19.1008,6.096,0.3719454,"",1,1,0,,,,,,,,,73.1700,35.1400,"01/01/2017","31/12/2018"
"75173-1","Star Wars","Episode IV",2017,"Luke's Landspeeder",4,149,19.99,19.99,24.99,29.99,5702015867627,,26.2,14.1,6.1,,"",1,1,0,,,,,,,,,32.3400,22.7100,"01/01/2017","31/12/2018"
"75196-1","Star Wars","MicroFighters",2018,"A-Wing vs. TIE Silencer Microfighters",2,188,16.99,19.99,24.99,19.99,5702016109900,673419281645,26.2,14.1,4.8,0.22,"",1,1,0,,,,,,,,,26.1600,18.0000,"01/01/2018","31/12/2019"
"75200-1","Star Wars","Episode VIII",2018,"Ahch-To Island Training",2,241,25.99,29.99,34.99,29.99,5702016109948,673419281683,26.2,19.1,6.1,0.39,"",1,1,0,,,,,,,,,39.2600,22.9400,"01/01/2018","31/12/2019"
"75202-1","Star Wars","Episode VIII",2018,"Defense of Crait",5,746,74.99,84.99,99.99,79.99,5702016109962,,54,28.2,7.9,,"",1,1,0,,,,,,,,,71.2700,53.3300,"01/01/2018","31/12/2018"
"75209-1","Star Wars","Solo",2018,"Han Solo's Landspeeder",2,345,25.99,29.99,34.99,29.99,5702016110579,673419281041,26.2,19.1,6.1,0.42,"",1,1,0,,,,,,,,,31.7500,24.5900,"20/04/2018","31/07/2019"
"75218-1","Star Wars","Episode IV",2018,"X-wing Starfighter",4,731,89.99,79.99,99.99,99.99,5702016110661,673419282338,48,28.2,6.1,1.06,"",1,1,0,,,,,,,,,103.2300,80.0800,"01/08/2018","31/12/2019"
"75243-1","Star Wars","Episode V",2019,"Slave I - 20th Anniversary Edition",5,1007,109.99,119.99,159.99,116.97,5702016370706,673419304139,48,37.8,7.1,,"",1,1,0,,,,,,,,,185.9100,146.2100,"01/04/2019","31/12/2020"
"75247-1","Star Wars","Episode VI",2019,"Rebel A-wing Starfighter",2,62,11.99,14.99,19.99,14.99,5702016370430,673419304160,19.1,14.1,6.1,0.18,"",1,1,0,,,,,,,,,21.3300,17.7900,"01/01/2019","31/12/2019"
"75249-1","Star Wars","Episode IX",2019,"Resistance Y-wing Starfighter",5,578,59.99,69.99,89.99,69.99,5702016370744,,38.2,26.2,5.7,,"",1,1,0,,,,,,,,,67.4000,45.9000,"04/10/2019","31/12/2021"
"75250-1","Star Wars","Episode IX",2019,"Pasaana Speeder Chase",4,373,44.99,39.99,49.99,48.73,5702016370751,,28.2,26.2,5.9,,"",1,1,0,,,,,,,,,44.1600,29.3700,"04/10/2019","31/12/2020"
"75258-1","Star Wars","Episode I",2019,"Anakin's Podracer â€“ 20th Anniversary Edition",3,279,24.99,29.99,39.99,29.23,5702016370713,673419304146,26.2,19.1,6.1,,"",1,1,0,,,,,,,,,47.3300,35.4300,"01/04/2019","31/12/2020"
"75267-1","Star Wars","The Mandalorian",2020,"Mandalorian Battle Pack",4,102,12.99,14.99,19.99,14.99,5702016617139,673419317245,19.1,14.1,4.6,0.12,"",1,1,0,,,,,,,,,21.5300,16.1800,"01/01/2020","31/12/2021"
"75292-1","Star Wars","The Mandalorian",2020,"The Razor Crest",5,1023,119.99,139.99,179.99,139.99,5702016683325,673419324038,48,37.8,7.1,,"",1,1,0,,,,,,,,,135.8300,94.1100,"01/09/2020","31/12/2023"
"75294-1","Star Wars","Promotional",2020,"Bespin Duel",2,295,,39.99,,,,673419334761,22.2,26.2,6.2,,"",1,1,0,,,,,,,,,157.5300,116.6700,"01/08/2020","31/12/2020"
"75299-1","Star Wars","The Mandalorian",2021,"Trouble on Tatooine",3,276,24.99,29.99,39.99,29.99,5702016913989,,26.2,19.1,4.6,,"",1,1,0,,,,,,,,,20.7100,17.6700,"01/01/2021","31/12/2022"
"75300-1","Star Wars","Episode IV",2021,"Imperial TIE Fighter",3,432,39.99,44.99,59.99,44.99,5702016913606,673419340137,28.2,26.2,7.6,,"",1,1,0,,,,,,,,,43.9900,28.6800,"01/01/2021","31/12/2023"
"75304-1","Star Wars","Helmet Collection",2021,"Darth Vader Helmet",,834,69.99,79.99,99.99,79.99,5702016914498,673419340854,19.1,35.4,11.8,,"",1,1,0,,,,,,,,,64.6800,38.7300,"26/04/2021","31/12/2024"
"75317-1","BrickHeadz","Star Wars",2020,"The Mandalorian & The Child",,295,17.99,19.99,24.99,19.99,5702016899856,673419337212,19.1,14.1,7.1,,"",1,1,0,,,,,,,,,16.6100,10.4600,"01/08/2020","31/12/2023"
"75338-1","Star Wars","Andor",2022,"Ambush on Ferrix",3,679,69.99,69.99,89.99,79.99,5702017189635,673419361705,28.2,26.2,9.6,,"",1,1,0,,,,,,,,,68.2700,57.1100,"01/08/2022","31/12/2023"
"75345-1","Star Wars","The Clone Wars",2023,"501st Clone Troopers Battle Pack",4,119,17.99,19.99,24.99,19.99,5702017421292,673419376891,19.1,14.1,4.6,,"",1,1,0,,,,,,,,,15.3600,11.7200,"01/01/2023","31/12/2024"
"75353-1","Star Wars","Diorama Collection",2023,"Endor Speeder Chase Diorama",3,608,69.99,79.99,99.99,79.99,5702017421377,673419376969,28.2,26.2,7.6,,"",1,1,0,,,,,,,,,52.2000,45.3800,"01/05/2023","31/12/2024"
"75357-1","Star Wars","Ahsoka",2023,"Ghost & Phantom II",5,1394,149.99,159.99,209.99,169.99,5702017433820,673419379014,48,37.8,9.4,,"",1,1,0,,,,,,,,,148.0900,128.3300,"01/09/2023","31/12/2024"
"75359-1","Star Wars","The Clone Wars",2023,"332nd Ahsoka's Clone Trooper Battle Pack",4,108,18.99,19.99,24.99,20.99,5702017421407,673419376990,19.1,14.1,4.6,,"",1,1,0,,,,,,,,,15.4800,11.3900,"01/08/2023","31/12/2024"
"75361-1","Star Wars","The Mandalorian",2023,"Spider Tank",3,526,46.99,49.99,64.99,52.99,5702017421421,673419377010,26.2,22.2,7.6,,"",1,1,0,,,,,,,,,50.1500,28.1500,"01/08/2023","31/12/2024"
"75362-1","Star Wars","Ahsoka",2023,"Ahsoka Tano's T-6 Jedi Shuttle",4,601,64.99,79.99,99.99,74.99,5702017421438,673419377027,38.2,26.2,7.1,,"",1,1,0,,,,,,,,,57.3100,40.2200,"01/09/2023","31/12/2025"
"75372-1","Star Wars","The Clone Wars",2024,"Clone Trooper & Battle Droid Battle Pack",9,215,24.99,29.99,39.99,29.99,5702017584317,673419389457,20.5,19.1,4.6,,"",1,1,0,,,,,,,,,20.7400,12.6600,"01/01/2024","31/12/2025"
"75571-1","Avatar","Original Film",2022,"Neytiri & Thanator vs. AMP Suit Quaritch",2,560,39.99,44.99,59.99,44.99,5702016913590,673419340465,28.2,26.2,5.9,,"",1,1,0,,,,,,,,,36.1000,25.1700,"01/10/2022","31/12/2023"
"75573-1","Avatar","Original Film",2022,"Floating Mountains: Site 26 & RDA Samson",5,887,89.99,99.99,129.99,99.99,5702016913781,673419340564,54,28.2,7.9,,"",1,1,0,,,,,,,,,78.2600,50.0000,"01/10/2022","31/12/2023"
"75576-1","Avatar","The Way of Water",2023,"Skimwing Adventure ",2,259,29.99,34.99,44.99,34.99,5702017421889,673419377140,26.2,19.1,4.6,,"",1,1,0,,,,,,,,,26.3900,,"01/01/2023","31/07/2024"
"75932-1","Jurassic World","Jurassic Park",2018,"Jurassic Park Velociraptor Chase ",4,360,44.99,39.99,49.99,49.99,5702016110272,,35.4,19.1,7,,"",1,1,0,,,,,,,,,62.5500,46.3000,"16/04/2018","31/12/2019"
"75946-1","Harry Potter","Goblet of Fire",2019,"Hungarian Horntail Triwizard Challenge",4,265,29.99,29.99,39.99,34.11,5702016368673,,35.4,19.1,5.9,,"",1,1,0,,,,,,,,,43.9100,28.3000,"01/06/2019","31/12/2020"
"75948-1","Harry Potter","Goblet of Fire",2019,"Hogwarts Clock Tower",8,922,89.99,89.99,119.99,99.99,5702016368697,,35.4,37.8,9.4,,"",1,1,0,,,,,,,,,74.3500,63.7800,"01/06/2019","31/12/2022"
"75952-1","Harry Potter","Fantastic Beasts",2018,"Newt's Case of Magical Creatures",4,694,44.99,49.99,64.99,49.99,5702016110357,673419281959,38.2,26.2,7.05,0.85,"",1,1,0,,,,,,,,,75.1800,38.5200,"01/08/2018","31/12/2019"
"75956-1","Harry Potter","Philosopher's Stone",2018,"Quidditch Match",6,500,34.99,39.99,49.99,38.98,5702016160277,,38.2,26.2,5.7,,"",1,1,0,,,,,,,,,62.3100,40.4900,"01/08/2018","31/12/2020"
"75957-1","Harry Potter","Prisoner of Azkaban",2019,"The Knight Bus",3,403,34.99,39.99,49.99,39.99,5702016542714,,28.2,26.2,7.6,,"",1,1,0,,,,,,,,,46.6400,29.0600,"01/06/2019","31/12/2021"
"75968-1","Harry Potter","Chamber of Secrets",2020,"4 Privet Drive",6,797,69.99,79.99,99.99,79.99,5702016616682,673419317900,38.2,26.2,9.4,0.92,"",1,1,0,,,,,,,,,58.7900,38.7300,"01/06/2020","31/12/2023"
"75973-1","Overwatch","",2019,"D.Va & Reinhardt",2,455,34.99,39.99,49.99,39.99,5702016368505,673419302739,28.2,26.2,5.9,0.59,"",1,1,0,,,,,,,,,99.8300,76.0200,"01/01/2019","31/07/2020"
"76006-1","Marvel Super Heroes","Iron Man 3",2013,"Iron Man: Extremis Sea Port Battle ",3,195,19.99,19.99,24.99,,5702014972711,673419190442,26.1874,19.1008,6.096,0.35,"",1,1,0,,,,,,,,,63.6200,27.1800,"07/03/2013","31/12/2014"
"76007-1","Marvel Super Heroes","Iron Man 3",2013,"Iron Man: Malibu Mansion Attack",5,364,34.99,39.99,49.99,,5702014972728,673419190459,38.2016,26.1874,5.6388,0.76,"",1,1,0,,,,,,,,,94.8300,36.9200,"07/03/2013","31/12/2014"
"76008-1","Marvel Super Heroes","Iron Man 3",2013,"Iron Man vs. The Mandarin: Ultimate Showdown",2,91,11.99,12.99,15.99,,5702015031820,673419200370,15.6972,14.097,4.4958,0.13,"",1,1,0,,,,,,,,,34.4200,15.9900,"07/03/2013","31/12/2014"
"76046-1","DC Comics Super Heroes","Batman v Superman: Dawn of Justice",2016,"Heroes of Justice: Sky High Battle",5,517,54.99,59.99,74.99,69.99,,673419250375,38.2016,26.2128,7.0612,0.7491,"",1,1,0,,,,,,,,,53.2500,45.0000,"01/01/2016","31/12/2016"
"76058-1","Marvel Super Heroes","Spider-Man",2016,"Spider-Man: Ghost Rider Team-Up",3,217,19.99,19.99,24.99,24.99,,673419250481,26.2128,19.1008,4.5974,0.3129785,"",1,1,0,,,,,,,,,77.9300,32.4600,"01/06/2016","31/12/2017"
"76062-1","DC Comics Super Heroes","Mighty Micros",2016,"Mighty Micros: Robin vs. Bane",2,77,8.99,9.99,12.99,9.99,5702015597753,673419250528,12.192,14.097,4.5974,0.07718,"",1,1,0,,,,,,,,,14.1700,7.8000,"01/03/2016","31/12/2016"
"76081-1","Marvel Super Heroes","Guardians of the Galaxy Vol. 2",2017,"The Milano vs. The Abilisk",5,460,44.99,49.99,64.99,49.99,,673419266994,38.2016,26.2128,5.6388,0.7484268,"",1,1,0,,,,,,,,,138.5500,110.9200,"01/03/2017","31/12/2017"
"76082-1","Marvel Super Heroes","Spider-Man: Homecoming",2017,"ATM Heist Battle",3,185,19.99,19.99,24.99,24.99,5702015868679,673419267007,26.2128,19.1008,6.096,0.3538018,"",1,1,0,,,,,,,,,30.2900,19.9100,"01/06/2017","31/12/2018"
"76098-1","DC Comics Super Heroes","Justice League",2018,"Speed Force Freeze Pursuit",4,271,29.99,29.99,39.99,34.99,5702016110449,,35.1,18.9,5.6,0.456,"",1,1,0,,,,,,,,,131.8200,72.0000,"01/01/2018","31/12/2018"
"76101-1","Marvel Super Heroes","Avengers: Infinity War",2018,"Outrider Dropship Attack",4,124,11.99,14.99,15.99,14.99,5702016110418,673419282017,15.7,14.1,6.1,0.18,"",1,1,0,,,,,,,,,14.6600,9.4500,"03/03/2018","31/07/2019"
"76113-1","Marvel Super Heroes","Spider-Man",2019,"Spider-Man Bike Rescue",3,235,19.99,19.99,24.99,24.36,5702016368666,673419302890,26.2,19.1,6.1,0.34,"",1,1,0,,,,,,,,,42.0000,18.7900,"",""
"76164-1","Marvel Super Heroes","Avengers",2020,"Iron Man Hulkbuster versus A.I.M. Agent",4,456,34.99,39.99,49.99,39.99,5702016757644,673419330404,26.2,22.2,7.6,0.49,"",1,1,0,,,,,,,,,47.7700,28.5600,"01/08/2020","31/12/2021"
"76174-1","Marvel Super Heroes","Spider-Man",2021,"Spider-Man's Monster Truck vs. Mysterio",4,439,44.99,39.99,49.99,49.99,5702016912791,,26.2,22.2,9.5,,"",1,1,0,,,,,,,,,50.8600,25.9000,"01/01/2021","31/12/2021"
"76176-1","Marvel Super Heroes","Shang-Chi and the Legend of the Ten Rings",2021,"Escape from The Ten Rings",4,321,24.99,29.99,39.99,29.99,5702016912883,673419339247,35.4,19.1,5.9,,"",1,1,0,,,,,,,,,20.0000,14.0000,"26/04/2021","31/12/2022"
"76181-1","DC Comics Super Heroes","The Batman",2022,"Batmobile: The Penguin Chase",2,392,24.99,29.99,44.99,29.99,5702016912982,673419339490,,,,,"",1,1,0,,,,,,,,,21.2500,13.8500,"01/01/2022","31/12/2023"
"76192-1","Marvel Super Heroes","Avengers: Endgame",2021,"Avengers: Endgame Final Battle",8,527,79.99,69.99,99.99,89.99,5702016913200,673419339889,54,28.2,5.9,,"",1,1,0,,,,,,,,,65.5900,46.4100,"01/06/2021","31/12/2022"
"76205-1","Marvel Super Heroes","Doctor Strange in the Multiverse of Madness",2022,"Gargantos Showdown",3,264,24.99,29.99,39.99,29.99,5702017184500,,26.2,19.1,6.1,,"",1,1,0,,,,,,,,,25.5100,13.0500,"01/01/2022","31/12/2022"
"76231-1","Marvel Super Heroes","Seasonal",2022,"Guardians of the Galaxy Advent Calendar",6,268,29.99,44.99,59.99,34.99,5702017154428,,38.2,26.2,7.1,,"",1,1,0,,,,,,,,,30.4700,20.3800,"01/09/2022","31/12/2022"
"76239-1","DC Comics Super Heroes","The Dark Knight Trilogy",2021,"Batmobile Tumbler: Scarecrow Showdown",2,422,34.99,39.99,49.99,39.99,5702017100098,,26.2,22.2,9.5,,"",1,1,0,,,,,,,,,46.0000,36.9800,"01/10/2021","31/12/2022"
"76253-1","Marvel Super Heroes","Guardians of the Galaxy Vol. 3",2023,"Guardians of the Galaxy Headquarters",2,67,8.99,9.99,13.99,9.99,5702017419701,673419376655,14.1,12.2,4.6,,"",1,1,0,,,,,,,,,8.8600,7.0000,"01/04/2023","31/12/2023"
"76255-1","Marvel Super Heroes","Guardians of the Galaxy Vol. 3",2023,"The New Guardians' Ship",5,1108,89.99,99.99,129.99,99.99,5702017419725,673419376679,48,37.8,7.1,,"",1,1,0,,,,,,,,,66.3100,40.6700,"01/04/2023","31/12/2023"
"76261-1","Marvel Super Heroes","Spider-Man: No Way Home",2023,"Spider-Man Final Battle",9,900,94.99,109.99,139.99,104.99,5702017419770,673419376723,37.8,35.4,7.1,,"",1,1,0,,,,,,,,,87.4000,60.0000,"01/08/2023","31/12/2025"
"76397-1","Harry Potter","Hogwarts Moments",2022,"Hogwarts Moment: Defence Against the Dark Arts Class",4,257,24.99,29.99,39.99,29.99,5702017153384,,19.1,26.2,6.1,,"",1,1,0,,,,,,,,,29.7200,24.7500,"01/03/2022","31/12/2022"
"76408-1","Harry Potter","Order of the Phoenix",2022,"12 Grimmauld Place",9,1083,114.99,119.99,149.99,129.99,5702017189994,673419361835,48,37.8,7.1,,"",1,1,0,,,,,,,,,127.9800,110.2300,"01/06/2022","31/12/2023"
"76420-1","Harry Potter","Goblet of Fire",2023,"Triwizard Tournament: The Black Lake",5,349,39.99,44.99,59.99,44.99,5702017413235,673419375870,26.2,28.2,5.9,,"",1,1,0,,,,,,,,,32.5600,29.9400,"01/03/2023","31/12/2024"
"76895-1","Speed Champions","Ferrari",2020,"Ferrari F8 Tributo",1,275,17.99,19.99,24.99,19.99,5702016618310,673419319089,25.8,13.8,7.2,0.317,"",1,1,0,,,,,,,,,35.9500,22.0500,"01/01/2020","31/12/2021"
"76908-1","Speed Champions","Lamborghini",2022,"Lamborghini Countach",1,262,19.99,19.99,29.99,24.99,5702017156729,673419358736,26.2,14.1,7.2,,"",1,1,0,,,,,,,,,15.7800,12.2600,"01/03/2022","31/12/2024"
"76911-1","Speed Champions","Aston Martin",2022,"007 Aston Martin DB5",1,298,19.99,19.99,29.99,24.99,5702017231044,673419364027,26.2,14.1,6.1,,"",1,1,0,,,,,,,,,21.6400,13.8600,"01/08/2022","31/12/2023"
"76912-1","Speed Champions","Dodge",2022,"Fast & Furious 1970 Dodge Charger R/T",1,345,19.99,19.99,29.99,24.99,5702017234410,673419364768,26.2,14.1,6.1,,"",1,1,0,,,,,,,,,21.6900,15.2200,"01/08/2022","31/12/2023"
"76917-1","Speed Champions","Nissan",2023,"2 Fast 2 Furious Nissan Skyline GT-R (R34)",1,319,19.99,24.99,29.99,24.99,5702017424217,673419378666,26.2,14.1,7.2,,"",1,1,0,,,,,,,,,18.5600,15.0200,"01/01/2023","31/12/2024"
"76945-1","Jurassic World","Dominion",2022,"Atrociraptor Dinosaur: Bike Chase",2,169,17.99,19.99,24.99,19.99,5702016913514,673419340403,26.2,14.1,6.1,,"",1,1,0,,,,,,,,,15.8400,8.1100,"17/04/2022","31/12/2023"
"76946-1","Jurassic World","Dominion",2022,"Blue & Beta Velociraptor Capture",2,181,29.99,34.99,44.99,34.99,5702016913521,673419340410,26.2,19.1,6.1,,"",1,1,0,,,,,,,,,19.7700,16.8800,"17/04/2022","31/12/2024"
"76948-1","Jurassic World","Dominion",2022,"T. rex & Atrociraptor Dinosaur Breakout",4,466,89.99,99.99,129.99,99.99,5702016913545,673419340434,48,28.2,6.1,,"",1,1,0,,,,,,,,,65.9400,64.9400,"17/04/2022","31/12/2023"
"76956-1","Jurassic World","Jurassic Park",2022,"T. rex Breakout",4,1212,89.99,99.99,129.99,99.99,5702017190006,673419361842,48,37.8,7.1,,"",1,1,0,,,,,,,,,95.8800,63.9600,"17/04/2022","31/12/2023"
"77012-1","Indiana Jones","Last Crusade",2023,"Fighter Plane Chase",3,387,29.99,34.99,44.99,34.99,5702017190457,673419361958,26.2,22.2,7.6,,"",1,1,0,,,,,,,,,26.4500,24.0000,"01/04/2023","31/12/2024"
"77013-1","Indiana Jones","Raiders of the Lost Ark",2023,"Escape from the Lost Tomb",4,600,34.99,39.99,49.99,39.99,5702017190464,673419361965,26.2,28.2,9.5,,"",1,1,0,,,,,,,,,34.0600,25.6500,"01/04/2023","31/12/2024"







