MinifigNumber,MinifigName,CharacterName,MinifigCategory,AppearsIn,OwnedInSets,OwnedLoose,Notes,Value new (USD),Value used (USD),
30598pb02,Shredd,Shredd,Racers / Xalax,4570-1,1,0,,0.48,0.2,9
30598pb03,Scratch,Scratch,Racers / Xalax,4572-1,1,0,,0.45,0.35,
30598pb04,Lightor / Subzero,Lightor / Subzero,Racers / Xalax,"1202-1,1239-1,4573-1",1,0,,3,0.2,
30598pb06,Gear,Gear,Racers / Xalax,4566-1,1,0,,0.5,0.64,
30599pb02,Surfer,Surfer,Racers / Xalax,4567-1,1,0,,1.12,0.35,
30599pb03,Warrior,Warrior,Racers / Xalax,4569-1,1,0,,0.13,0.24,
30599pb04,Spiky,Spiky,Racers / Xalax,4571-1,1,0,,0.14,0.32,
30599pb07,Loopin,Loopin,Racers / Xalax,4568-1,1,0,,0.09,0.26,
51635,Bionicle Mini - Toa Hordika Whenua,-,BIONICLE / Toa Hordika,"8757-1,8758-1,8759-1,8769-1",1,0,,0.57,0.44,
51636,Bionicle Mini - Toa Hordika Matau,-,BIONICLE / Toa Hordika,"8757-1,8758-1,8759-1,8769-1",1,0,,0.59,0.4,
51637,Bionicle Mini - Toa Hordika Vakama,-,BIONICLE / Toa Hordika,"8757-1,8758-1,8759-1,8769-1",1,0,,1.07,0.43,
51638,Bionicle Mini - Toa Hordika Nokama,-,BIONICLE / Toa Hordika,"8757-1,8758-1,8759-1,8769-1",1,0,,0.82,0.41,
51639,Bionicle Mini - Toa Hordika Onewa,-,BIONICLE / Toa Hordika,"8757-1,8758-1,8759-1,8769-1",1,0,,0.93,0.41,
51640,Bionicle Mini - Toa Hordika Nuju,-,BIONICLE / Toa Hordika,"8757-1,8758-1,8759-1,8769-1",1,0,,0.62,0.36,
51991a,Bionicle Mini - Visorak Boggarak,-,BIONICLE / Visorak,"8757-1,8758-1,8759-1,8769-1",1,0,,0.66,0.51,
51991b,Bionicle Mini - Visorak Keelerak,-,BIONICLE / Visorak,"8757-1,8758-1,8759-1,8769-1",1,0,,0.62,0.41,
51991c,Bionicle Mini - Visorak Oohnorak,-,BIONICLE / Visorak,"8757-1,8758-1,8759-1,8769-1",2,0,,0.52,0.38,
51991d,Bionicle Mini - Visorak Roporak,-,BIONICLE / Visorak,"8757-1,8758-1,8759-1,8769-1",1,0,,0.51,0.45,
51991e,Bionicle Mini - Visorak Suukorak (Undetermined Glow in the Dark Side),-,BIONICLE / Visorak,"8757-1,8758-1,8759-1",2,0,,0.58,0.35,
51991f,Bionicle Mini - Visorak Vohtarak,-,BIONICLE / Visorak,"8757-1,8758-1,8759-1,8769-1",1,0,,0.38,0.45,
90398pb044,Ant-Man (Scott Lang) Statuette / Trophy - Upgraded Suit (6353238),Ant-Man,Super Heroes / The Infinity Saga,"76192-1,76269-1",1,0,,1.09,1.07,
90398pb045,Alastor Moody Statuette / Trophy,Alastor 'Mad-Eye' Moody,Harry Potter / General,76397-1,1,0,,1.43,1.34,
aqu023,Aquaraider Diver 8 with Black Flippers,-,Aquazone / Aquaraiders II,"7773-1,7774-1",1,0,,4.35,1.54,
aqu025,Aquaraider Diver 6 with Black Flippers,-,Aquazone / Aquaraiders II,"7771-1,7773-1",1,0,,2.8,1.66,
avt001,Neytiri - Yellow Armor and War Paint,Neytiri,Avatar / General,75571-1,1,0,,6.15,5.56,
avt002,Colonel Miles Quaritch,Colonel Miles Quaritch,Avatar / General,75571-1,1,0,,6.56,5.23,
avt007,Dr. Grace Augustine,Dr. Grace Augustine,Avatar / General,75573-1,1,0,,5.39,7.97,
avt008,Trudy Chacon,Trudy Chacon,Avatar / General,75573-1,1,0,,5.77,5.33,
avt009,Norm Spellman - Na'vi,Norm Spellman,Avatar / General,75573-1,1,0,,6.71,15,
avt010,Jake Sully - Human,Jake Sully,Avatar / General,75573-1,1,0,,5.32,7.5,
avt011,Jake Sully - Na'vi /  Shoulder Strap / Orange Face Paint,Jake Sully,Avatar / General,75573-1,1,0,,5.43,5.75,
avt022,Jake Sully - Na'vi /  Shoulder Strap / Utility Belt,Jake Sully,Avatar / The Way of Water,75576-1,1,0,,7.2,7.18,
avt023,Tonowari - Reddish Brown Strap and Silver Belt,Tonowari,Avatar / The Way of Water,75576-1,1,0,,6.13,11.11,
bat002,Batman /  Black Suit,Batman,Batman I / General,"7781-1,7783-1,7785-1,comcon003-1,DC1-1",1,0,,16.01,10.51,
bat004,Two-Face with Black Stripe Hips,Two-Face,Batman I / General,7781-1,1,0,,40.04,29.54,
bat006,Two-Face's Henchman,Two-Face's Henchman,Batman I / General,7781-1,1,0,,16.29,7.74,
bio001,Bionicle Mini - Piraka Zaktan,-,BIONICLE / Piraka,"8624-1,8893-1,8894-1",1,0,,2.94,1.92,
bio002,Bionicle Mini - Piraka Thok,-,BIONICLE / Piraka,"6937-1,8624-1,8892-1,8894-1",1,0,,8.52,2.31,
bio003,Bionicle Mini - Piraka Hakann,-,BIONICLE / Piraka,"6936-1,8624-1,8893-1,8894-1",1,0,,2.68,1.88,
bio004,Bionicle Mini - Piraka Reidak,-,BIONICLE / Piraka,"8624-1,8892-1,8894-1",1,0,,4.5,1.83,
bio005,Bionicle Mini - Toa Inika Jaller,-,BIONICLE / Toa Inika,"8624-1,8892-1,8894-1",1,0,,3.11,1.72,
bio006,Bionicle Mini - Toa Inika Nuparu,-,BIONICLE / Toa Inika,"8624-1,8893-1,8894-1",1,0,,2.06,1.68,
bio007,Bionicle Mini - Toa Inika Hewkii,-,BIONICLE / Toa Inika,"8624-1,8893-1,8894-1",1,0,,3.11,1.79,
bio008,Bionicle Mini - Toa Inika Hahli,-,BIONICLE / Toa Inika,"8624-1,8893-1,8894-1",1,0,,2.62,1.78,
bio009,Bionicle Mini - Toa Inika Matoro,-,BIONICLE / Toa Inika,"8893-1,8894-1",1,0,,1.96,1.8,
bio010,Bionicle Mini - Piraka Avak,-,BIONICLE / Piraka,"8893-1,8894-1",1,0,,2.6,1.95,
bio011,Bionicle Mini - Piraka Vezok,-,BIONICLE / Piraka,"8893-1,8894-1",1,0,,2.56,1.7,
bio012,Bionicle Mini - Toa Inika Kongu,-,BIONICLE / Toa Inika,"6937-1,8892-1,8894-1",1,0,,2.3,1.91,
cas022,Fright Knights - Bat Lord with Cape,Basil the Bat Lord,Castle / Fright Knights,"6007-1,6047-1,6097-1,6099-1",1,0,,29.82,11.32,
cas037,Knights Kingdom I - Knight 1,-,Castle / Knights Kingdom I,"6026-1,6091-1,6094-1,6098-1",1,0,,8.65,5.01,
cas042,Knights Kingdom I - Robber 1 /  Black Neck-Protector,-,Castle / Knights Kingdom I,6094-1,1,0,,8.23,5.39,
cas102,Black Falcon - Light Gray Legs with Black Hips /  Dark Gray Chin-Guard,-,Castle / Black Falcons,6057-1,1,0,,33.73,5.62,
cas103,Black Falcon - Light Gray Legs with Black Hips /  Black Neck-Protector,-,Castle / Black Falcons,6057-1,1,0,,19.82,6.17,
cas150,Scale Mail - Red with Blue Arms /  Black Legs with Red Hips /  Dark Gray Neck-Protector,-,Castle / Black Knights,6057-1,1,0,,7.93,5,
cas159,Scale Mail - Red with Black Arms /  Light Gray Legs with Black Hips /  Dark Gray Neck-Protector,-,Castle / Black Knights,6057-1,1,0,,31.15,6.04,
cas322,Breastplate - Black /  Black Legs with Red Hips /  Black Neck-Protector /  Red Plastic Cape,-,Castle / Black Knights,6057-1,1,0,,4.62,5.28,
cas327,Fantasy Era - Skeleton Warrior 1 /  Black,-,Castle / Fantasy Era,"7079-1,7091-1,7092-1,7094-1,7979-1,852001-1,852272-1",1,0,,6.23,3.55,
cas329,Fantasy Era - Skeleton Warrior 3 /  White /  Speckled Helmet,-,Castle / Fantasy Era,"7091-1,7092-1",2,0,,5.37,3.43,
cas340,Fantasy Era - Crown Knight Plain with Breastplate /  Grille Helmet /  Vertical Cheek Lines,-,Castle / Fantasy Era,7092-1,1,0,,9.83,6.92,
cas341,Fantasy Era - Crown Knight Scale Mail with Crown /  Helmet with Neck Protector /  Dual Sided Head,-,Castle / Fantasy Era,7092-1,1,0,,7.22,5.19,
cas354,Fantasy Era - Dwarf /  Black Beard /  Metallic Silver Helmet with Studded Bands /  Dark Blue Arms,-,Castle / Fantasy Era,"7036-1,852293-1",1,0,,10.99,10.01,
cas355,Fantasy Era - Dwarf /  Dark Brown Beard /  Copper Helmet with Studded Bands /  Sand Blue Arms /  Vertical Cheek Lines,-,Castle / Fantasy Era,7036-1,1,0,,10.66,10.35,
cas356,Fantasy Era - Dwarf /  Dark Brown Beard /  Metallic Gold Helmet with Wings /  Dark Red Arms /  Smirk and Stubble Beard,-,Castle / Fantasy Era,7036-1,1,0,,10,9.67,
cas357,Fantasy Era - Dwarf /  Dark Orange Beard /  Metallic Silver Helmet with Wings /  Dark Red Arms,-,Castle / Fantasy Era,7036-1,1,0,,10.88,9.55,
cas358,Fantasy Era - Troll /  Dark Tan with Copper Armor,-,Castle / Fantasy Era,"7036-1,852293-1",1,0,,20.36,19.73,
cas359,Fantasy Era - Troll Warrior 1,-,Castle / Fantasy Era,"7036-1,852293-1",2,0,,6.33,6.69,
col001,Tribal Hunter /  Series 1 (Minifigure Only without Stand and Accessories),-,Collectible Minifigures / Series 1 Minifigures,"8683-1,8683-17",2,0,,21.72,10.02,
col002,Cheerleader /  Series 1 (Minifigure Only without Stand and Accessories),-,Collectible Minifigures / Series 1 Minifigures,"853195-1,8683-17,8683-2",2,0,,15,4.79,
col003,Caveman /  Series 1 (Minifigure Only without Stand and Accessories),-,Collectible Minifigures / Series 1 Minifigures,"8683-17,8683-3",2,0,,7.49,5.81,
col004,Circus Clown /  Series 1 (Minifigure Only without Stand and Accessories),-,Collectible Minifigures / Series 1 Minifigures,"8683-17,8683-4",2,0,,18.96,11.41,
col005,Zombie /  Series 1 (Minifigure Only without Stand and Accessories),-,Collectible Minifigures / Series 1 Minifigures,"8683-17,8683-5",2,0,,22.42,10.6,
col006,Skater /  Series 1 (Minifigure Only without Stand and Accessories),-,Collectible Minifigures / Series 1 Minifigures,"853195-1,8683-17,8683-6",2,0,,7.33,5.07,
col007,Robot /  Series 1 (Minifigure Only without Stand and Accessories),-,Collectible Minifigures / Series 1 Minifigures,"8683-17,8683-7",2,0,,17.51,7.87,
col008,Demolition Dummy /  Series 1 (Minifigure Only without Stand and Accessories),-,Collectible Minifigures / Series 1 Minifigures,"8683-17,8683-8",2,0,,13.33,5.46,
col009,Magician /  Series 1 (Minifigure Only without Stand and Accessories),-,Collectible Minifigures / Series 1 Minifigures,"8683-17,8683-9",2,0,,8.24,4.62,
col010,Super Wrestler /  Series 1 (Minifigure Only without Stand and Accessories),-,Collectible Minifigures / Series 1 Minifigures,"8683-10,8683-17",2,0,,11.8,8.51,
col011,Nurse /  Series 1 (Minifigure Only without Stand and Accessories),-,Collectible Minifigures / Series 1 Minifigures,"8683-11,8683-17",2,0,,16.03,7.46,
col012,Ninja /  Series 1 (Minifigure Only without Stand and Accessories),-,Collectible Minifigures / Series 1 Minifigures,"8683-12,8683-17",2,0,,13.47,5.31,
col013,Spaceman /  Series 1 (Minifigure Only without Stand and Accessories),-,Collectible Minifigures / Series 1 Minifigures,"8683-13,8683-17",2,0,,10.56,5.2,
col014,Forestman /  Series 1 (Minifigure Only without Stand and Accessories),-,Collectible Minifigures / Series 1 Minifigures,"8683-14,8683-17",2,0,,22.64,18.04,
col015,Deep Sea Diver /  Series 1 (Minifigure Only without Stand and Accessories),-,Collectible Minifigures / Series 1 Minifigures,"8683-15,8683-17",2,0,,9.55,6.36,
col016,Cowboy /  Series 1 (Minifigure Only without Stand and Accessories),-,Collectible Minifigures / Series 1 Minifigures,"8683-16,8683-17",2,0,,15.33,7.92,
col023,Explorer /  Series 2 (Minifigure Only without Stand and Accessories),-,Collectible Minifigures / Series 2 Minifigures,"8684-17,8684-7",1,0,,5.32,4.4,
col050,Kimono Girl /  Series 4 (Minifigure Only without Stand and Accessories),-,Collectible Minifigures / Series 4 Minifigures,"8804-17,8804-2",1,0,,8.05,5.27,
col069,Cave Woman /  Series 5 (Minifigure Only without Stand and Accessories),-,Collectible Minifigures / Series 5 Minifigures,"8805-17,8805-5",1,0,,3.4,2.55,
col126,Thespian / Actor /  Series 8 (Minifigure Only without Stand and Accessories),-,Collectible Minifigures / Series 8 Minifigures,"8833-14,8833-17",1,0,,18.96,10.43,
col140,Mermaid /  Series 9 (Minifigure Only without Stand and Accessories),-,Collectible Minifigures / Series 9 Minifigures,"71000-12,71000-17",1,0,,7.81,5.5,
col160,Motorcycle Mechanic /  Series 10 (Minifigure Only without Stand and Accessories),-,Collectible Minifigures / Series 10 Minifigures,"71001-16,71001-17",1,0,,3.46,2.42,
colhp03,Ron Weasley in School Robes /  Harry Potter /  Series 1 (Minifigure Only without Stand and Accessories),Ron Weasley,Collectible Minifigures / Harry Potter / Harry Potter Series 1,"71022-23,71022-3",1,0,,4.98,2.32,
colhp04,Draco Malfoy /  Harry Potter /  Series 1 (Minifigure Only without Stand and Accessories),Draco Malfoy,Collectible Minifigures / Harry Potter / Harry Potter Series 1,"71022-23,71022-4",1,0,,2.77,2.26,
colhp05,Luna Lovegood /  Harry Potter /  Series 1 (Minifigure Only without Stand and Accessories),Luna Lovegood,Collectible Minifigures / Harry Potter / Harry Potter Series 1,"71022-23,71022-5",1,0,,7.39,7.1,
colhp06,Neville Longbottom /  Harry Potter /  Series 1 (Minifigure Only without Stand and Accessories),Neville Longbottom,Collectible Minifigures / Harry Potter / Harry Potter Series 1,"71022-23,71022-6",1,0,,2.89,2.05,
colhp11,Professor Trelawney /  Harry Potter /  Series 1 (Minifigure Only without Stand and Accessories),Professor Sybill Trelawney,Collectible Minifigures / Harry Potter / Harry Potter Series 1,"71022-11,71022-23",1,0,,14.45,8.34,
colhp12,Cedric Diggory /  Harry Potter /  Series 1 (Minifigure Only without Stand and Accessories),Cedric Diggory,Collectible Minifigures / Harry Potter / Harry Potter Series 1,"71022-12,71022-23",1,0,,4.24,2.61,
colhp17,Newt Scamander /  Harry Potter /  Series 1 (Minifigure Only without Stand and Accessories),Newt Scamander,Collectible Minifigures / Harry Potter / Harry Potter Series 1 / Fantastic Beasts,"71022-17,71022-23",1,0,,3.24,2.45,
colhp27,Luna Lovegood /  Harry Potter /  Series 2 (Minifigure Only without Stand and Accessories),Luna Lovegood,Collectible Minifigures / Harry Potter / Harry Potter Series 2,"71028-17,71028-5",1,0,,4.47,2.78,
colhp28,Griphook /  Harry Potter /  Series 2 (Minifigure Only without Stand and Accessories),Griphook,Collectible Minifigures / Harry Potter / Harry Potter Series 2,"71028-17,71028-6",1,0,,3.52,2.25,
colhp31,Ginny Weasley /  Harry Potter /  Series 2 (Minifigure Only without Stand and Accessories),Ginny Weasley,Collectible Minifigures / Harry Potter / Harry Potter Series 2,"71028-17,71028-9",1,0,,5.26,3.8,
colmar01,The Scarlet Witch /  Marvel Studios /  Series 1 (Minifigure Only without Stand and Accessories),Scarlet Witch,Collectible Minifigures / Super Heroes / Marvel Studios Series 1,"71031-1,71031-13",2,0,,10.22,6.91,
colmar02,The Vision /  Marvel Studios /  Series 1 (Minifigure Only without Stand and Accessories),Vision,Collectible Minifigures / Super Heroes / Marvel Studios Series 1,"71031-13,71031-2",2,0,,5.37,4.22,
colmar03,Monica Rambeau /  Marvel Studios /  Series 1 (Minifigure Only without Stand and Accessories),Monica Rambeau,Collectible Minifigures / Super Heroes / Marvel Studios Series 1,"71031-13,71031-3",2,0,,3.89,2.96,
colmar04,Winter Soldier /  Marvel Studios /  Series 1 (Minifigure Only without Stand and Accessories),Winter Soldier,Collectible Minifigures / Super Heroes / Marvel Studios Series 1,"71031-13,71031-4",2,0,,5.34,4.08,
colmar05,Captain America /  Marvel Studios /  Series 1 (Minifigure Only without Stand and Accessories),Captain America (Sam Wilson),Collectible Minifigures / Super Heroes / Marvel Studios Series 1,"71031-13,71031-5",2,0,,6.62,5.09,
colmar06,Loki /  Marvel Studios /  Series 1 (Minifigure Only without Stand and Accessories),Loki,Collectible Minifigures / Super Heroes / Marvel Studios Series 1,"71031-13,71031-6",2,0,,5.22,3.96,
colmar07,Sylvie /  Marvel Studios /  Series 1 (Minifigure Only without Stand and Accessories),Sylvie,Collectible Minifigures / Super Heroes / Marvel Studios Series 1,"71031-13,71031-7",2,0,,3.6,3.02,
colmar08,Zombie Hunter Spidey /  Marvel Studios /  Series 1 (Minifigure Only without Stand and Accessories),Spider-Man,Collectible Minifigures / Super Heroes / Marvel Studios Series 1,"71031-13,71031-8",2,0,,8.92,6.98,
colmar09,Zombie Captain America /  Marvel Studios /  Series 1 (Minifigure Only without Stand and Accessories),Zombie Captain America,Collectible Minifigures / Super Heroes / Marvel Studios Series 1,"71031-13,71031-9",2,0,,5.41,4.59,
colmar10,Captain Carter /  Marvel Studios /  Series 1 (Minifigure Only without Stand and Accessories),Captain Carter,Collectible Minifigures / Super Heroes / Marvel Studios Series 1,"71031-10,71031-13",2,0,,5.93,4.6,
colmar11,T'Challa Star-Lord /  Marvel Studios /  Series 1 (Minifigure Only without Stand and Accessories),Star-Lord (T'Challa),Collectible Minifigures / Super Heroes / Marvel Studios Series 1,"71031-11,71031-13",2,0,,4.74,3.6,
colmar12,Gamora with Blade of Thanos /  Marvel Studios /  Series 1 (Minifigure Only without Stand and Accessories),Gamora,Collectible Minifigures / Super Heroes / Marvel Studios Series 1,"71031-12,71031-13",2,0,,4.79,3.59,
colsh04,Stargirl /  DC Super Heroes (Minifigure Only without Stand and Accessories),Star Girl,Collectible Minifigures / Super Heroes / DC Super Heroes,"71026-17,71026-4",1,0,,3.96,2.34,
colsh06,Cheetah /  DC Super Heroes (Minifigure Only without Stand and Accessories),Cheetah,Collectible Minifigures / Super Heroes / DC Super Heroes,"71026-17,71026-6,77906-1",1,0,,3.52,2.98,
colsh08,Green Lantern /  DC Super Heroes (Minifigure Only without Stand and Accessories),Green Lantern,Collectible Minifigures / Super Heroes / DC Super Heroes,"71026-17,71026-8",1,0,,4.04,2.83,
colsh11,Huntress /  DC Super Heroes (Minifigure Only without Stand and Accessories),Huntress,Collectible Minifigures / Super Heroes / DC Super Heroes,"71026-11,71026-17",1,0,,7.31,5.44,
colsh12,Metamorpho /  DC Super Heroes (Minifigure Only without Stand and Accessories),Metamorpho,Collectible Minifigures / Super Heroes / DC Super Heroes,"71026-12,71026-17",1,0,,4.05,2.03,
colsh13,Joker /  DC Super Heroes (Minifigure Only without Stand and Accessories),The Joker,Collectible Minifigures / Super Heroes / DC Super Heroes,"71026-13,71026-17",1,0,,4.15,3.33,
colsh14,Bumblebee /  DC Super Heroes (Minifigure Only without Stand and Accessories),Bumblebee,Collectible Minifigures / Super Heroes / DC Super Heroes,"71026-14,71026-17",1,0,,4.75,3.87,
coltlbm12,Eraser /  The LEGO Batman Movie /  Series 1 (Minifigure Only without Stand and Accessories),Eraser,Collectible Minifigures / Super Heroes / The LEGO Batman Movie / The LEGO Batman Movie Series 1,"71017-12,71017-21",1,0,,3.29,1.99,
cop025,Police - Zipper with Sheriff Star /  Black Hat,-,Town / Classic Town / Police,1376-1,1,0,,3.44,1.11,
cty0004,Fire - Reflective Stripes /  Black Legs /  Silver Fire Helmet /  Gray Beard,-,Town / City / Fire,7239-1,1,0,,1.8,1.1,
cty0020,Fire - Reflective Stripes /  Black Legs /  White Fire Helmet /  Cheek Lines /  Dark Bluish Gray Hands,-,Town / City / Fire,"5532-1,7239-1",1,0,,1.74,1.01,
cty0022,Fire - Reflective Stripes /  Black Legs /  White Fire Helmet /  Brown Beard Angular,-,Town / City / Fire,"7240-1,7241-1",1,0,,3.6,0.98,
cty0023,Fire - Reflective Stripes /  Black Legs /  White Fire Helmet /  Brown Eyebrows /  Thin Grin,-,Town / City / Fire,7240-1,1,0,,1.93,0.89,
cty0024,Fire - Reflective Stripes /  Black Legs /  White Fire Helmet /  Breathing Neck Gear with Air Tanks,-,Town / City / Fire,7240-1,1,0,,2.28,1.19,
cty0043,Fire - Reflective Stripes /  Black Legs /  White Fire Helmet /  Cheek Lines /  Yellow Hands,-,Town / City / Fire,"30001-1,4992-1,7906-1,7945-1",1,0,,1.7,0.99,
cty0044,Fire - Reflective Stripes /  Black Legs /  White Fire Helmet /  Angry Eyebrows,-,Town / City / Fire,7906-1,1,0,,3.17,0.98,
cty0045,Fire - Reflective Stripes /  Black Legs /  Silver Fire Helmet /  Beard Around Mouth,-,Town / City / Fire,7906-1,1,0,,2.94,1.03,
cty0052,Construction Worker - Orange Zipper /  Safety Stripes /  Orange Arms /  Orange Legs /  Red Construction Helmet,-,Town / City / Construction,"5610-1,5627-1",1,0,,0.51,1.3,
cty0153,Police - City Suit with Blue Tie and Badge /  Black Legs /  Brown Moustache /  Black Hat,-,Town / City / Police,7687-1,1,0,,1.85,0.98,
cty0155,Plain Blue Torso with White Arms /  Dark Blue Legs /  Helmet,-,Town / City,7687-1,1,0,,0.52,1.35,
cty0156,Plain White Torso with White Arms /  Green Legs /  Helmet and Scarf,-,Town / City,7687-1,1,0,,2.81,1.4,
cty0157,Lumberjack with Orange Vest,-,Town / City,7687-1,1,0,,2,1.23,
cty0158,Sanitary Engineer 3 - Orange Legs /  Glasses and Beard,-,Town / City / Construction,7687-1,1,0,,1.96,1.04,
cty0567,Utility Shuttle Astronaut - Female,-,Town / City / Space Exploration,"60078-1,60080-1",1,0,,3.79,1.57,
cty0568,Utility Shuttle Astronaut - Male,-,Town / City / Space Exploration,"30315-1,60078-1,60080-1",1,0,,2.9,1.43,
cty1319,Rocket Racer - Stuntz Driver /  White Jumpsuit with Blue and Red Arms /  White Helmet /  Trans-Red Visor,Rocket Racer,Town / City / Stuntz,60298-1,1,0,,2.49,1.55,
cty1479,Peapod Costume Girl - Green Jacket,-,Town / City,60347-1,1,0,,5.32,5.19,
cty1480,Mr. Produce,Mr. Produce,Town / City,"60347-1,60352-1",1,0,,2.48,2,
cty1481,Child - Girl /  Bright Pink Hoodie with Medium Blue and White Diagonal Stripes /  Sand Blue Short Legs /  Dark Orange Hair with Pigtails /  Freckles,-,Town / City,60347-1,1,0,,3.65,3.1,
cty1482,Grocery Store Customer - Male /  Bright Light Yellow Shirt /  Dark Azure Legs with Prosthetic Leg /  Medium Nougat Hair,-,Town / City,60347-1,1,0,,8.42,5.74,
cty1483,Forklift Driver - Female /  Neon Yellow Safety Vest /  Dark Blue Legs /  White Cap with Bright Light Yellow Ponytail Hair,-,Town / City,60347-1,1,0,,3.48,2.11,
cty1692,Astronaut - Female /  White Spacesuit with Dark Blue Arms /  Dark Blue Helmet /  Trans-Clear Visor /  Dark Azure Jet Pack,-,Town / City / Space Exploration,60430-1,1,0,,3.71,3.11,
dim014,Cyberman,Cyberman,Dimensions / Doctor Who,71238-1,1,0,,18.56,13.87,
din009,Digger - Binoculars Torso,-,Dino Attack / General,"7294-1,7473-1",1,0,,4.93,1.65,
dis032,Elsa /  Disney /  Series 2 (Minifigure Only without Stand and Accessories),Elsa,Collectible Minifigures / Disney / Disney Series 2,"71024-19,71024-9",1,0,,6.99,4.6,
dis033,Anna /  Disney /  Series 2 (Minifigure Only without Stand and Accessories),Anna,Collectible Minifigures / Disney / Disney Series 2,"71024-10,71024-19",1,0,,5.31,3.82,
dis038,Sally /  Disney /  Series 2 (Minifigure Only without Stand and Accessories),Sally,Collectible Minifigures / Disney / Disney Series 2,"71024-15,71024-19",1,0,,7.33,4.52,
dis039,Jack Skellington /  Disney /  Series 2 (Minifigure Only without Stand and Accessories),Jack Skellington,Collectible Minifigures / Disney / Disney Series 2,"71024-16,71024-19",1,0,,18.71,14.39,
dis041,Frozone /  Disney /  Series 2 (Minifigure Only without Stand and Accessories),Frozone,Collectible Minifigures / Disney / Disney Series 2,"71024-18,71024-19",1,0,,2.76,1.79,
dis094,Jiminy Cricket /  Disney 100 (Minifigure Only without Stand and Accessories),Jiminy Cricket,Collectible Minifigures / Disney / Disney 100,"71038-19,71038-3",1,0,,5.5,3.19,
dis102,Miguel /  Disney 100 (Minifigure Only without Stand and Accessories),Miguel Rivera,Collectible Minifigures / Disney / Disney 100,"71038-11,71038-19",1,0,,5.74,2.96,
dis103,Pocahontas /  Disney 100 (Minifigure Only without Stand and Accessories),Pocahontas,Collectible Minifigures / Disney / Disney 100,"71038-12,71038-19",1,0,,5.29,5.39,
dis106,Prince John /  Disney 100 (Minifigure Only without Stand and Accessories),Prince John,Collectible Minifigures / Disney / Disney 100,"71038-15,71038-19",1,0,,6.39,5.25,
drm001,Izzie (Isabel Christina Garcia) - Medium Lavender Shoulder Pads,Izzie Garcia,DREAMZzz / General,"71453-1,71472-1,71477-1",1,0,,5.11,4.75,
drm002,Grimspawn - Black Helmet Castle Closed,Grimspawn,DREAMZzz / General,"71453-1,71456-1",1,0,,4.17,4.21,
exf001,Ha-Ya-To,Ha-Ya-To,Exo-Force / General,"7705-1,7709-1,7713-1",1,0,,7.04,2.84,
exf002,Gate Guard,Gate Guard,Exo-Force / General,"7705-1,7706-1",1,0,,20.18,7.07,
exf003,Iron Drone (Devastator),Iron Drone,Exo-Force / General,"7705-1,7707-1,7709-1,8108-1,8115-1",9,0,,2.9,1.42,
exf005,Hikaru,Hikaru,Exo-Force / General,"5966-1,7700-1,7709-1",1,0,,5.4,2.86,
exf006,Takeshi,Takeshi,Exo-Force / General,"5967-1,7701-1,7709-1,7712-1",1,0,,7.68,2.96,
exf012,Meca One,Meca One,Exo-Force / General,"7709-1,7713-1,8108-1",1,0,,5.34,2.54,
exf014,Ryo - Gold Armor,Ryo,Exo-Force / General,"3886-1,7721-1,8100-1,8108-1",1,0,,6.66,2.25,
exf018,Devastator - Pearl Light Gray Torso,Devastator,Exo-Force / General,"7713-1,8108-1",3,0,,2.4,1.64,
firec006,Fire - Flame Badge and Straight Line /  Black Legs /  White Fire Helmet,-,Town / Town Jr. / Fire,"1702-1,6326-1,6340-1,6464-1,6554-1",1,0,,4.02,1.17,
firec007,Fire - Air Gauge and Pocket /  Light Gray Legs /  White Fire Helmet,-,Town / Classic Town / Fire,"6340-1,6571-1",1,0,,1.6,1.37,
gb001,Dr. Egon Spengler - Plain Arms /  Proton Pack,Dr Egon Spengler,LEGO Ideas / General,21108-1,1,0,,20.95,16.59,
gb002,Dr. Peter Venkman - Plain Arms /  Proton Pack,Dr Peter Venkman,LEGO Ideas / General,21108-1,1,0,,19.39,13.09,
gb003,Dr. Raymond (Ray) Stantz - Plain Arms /  Proton Pack,Dr Raymond Stantz,LEGO Ideas / General,21108-1,1,0,,18.44,12.77,
gb004,Winston Zeddemore - Plain Arms /  Proton Pack,Winston Zeddemore,LEGO Ideas / General,21108-1,1,0,,17.16,12.64,
gen019,Skeleton /  Fantasy Era Torso with Standard Skull /  Mechanical Arms Straight,-,Exo-Force / General,"7623-1,8089-1,8108-1",2,0,,3.84,2.12,
gen174,Skeleton - Evil Skull /  Floppy Arms /  Light Bluish Gray Neck Bracket,-,Harry Potter / Goblet of Fire,4766-1,1,0,,,1.9,
gen176,Skeleton - Evil Skull /  Floppy Arms /  Arms as Legs,-,Harry Potter / Goblet of Fire,4766-1,1,0,,,1.82,
hol004,Santa /  Red Legs /  Glasses /  D-Basket,Santa Claus,Holiday & Event / Christmas,7687-1,1,0,,3.08,2.67,
hp002,Hermione Granger - Gryffindor Shield Torso /  Light Gray Legs /  Black Cape with Stars,Hermione Granger,Harry Potter / Sorcerer's Stone,"4706-1,4709-1,HPG04-1",1,0,,8.93,4.2,
hp005,Harry Potter - Gryffindor Shield Torso /  Light Gray Legs /  Black Cape with Stars,Harry Potter,Harry Potter / Sorcerer's Stone,"4702-1,4704-1,4711-1,4712-1,4729-1,4730-1,4733-1,HPG01-1",1,0,,5.81,1.97,
hp007,Ron Weasley - Gryffindor Shield Torso /  Black Cape with Stars,Ron Weasley,Harry Potter / Sorcerer's Stone,"4704-1,4705-1,4706-1,4709-1,4730-1,HPG02-1",1,0,,7.23,2.44,
hp011,Professor Quirinus Quirrell - Yellow Head /  Purple Turban and Torso,Professor Quirinus Quirrell,Harry Potter / Sorcerer's Stone,4702-1,1,0,,20.07,6.78,
hp017,Dobby (Elf) - Tan,Dobby,Harry Potter / Chamber of Secrets,"4731-1,HPG04-1",1,0,,11.93,4.11,
hp018,Lucius Malfoy - Dark Gray Suit Torso /  Dark Gray Legs,Lucius Malfoy,Harry Potter / Chamber of Secrets,"4731-1,HPG01-1",1,0,,12.48,3.26,
hp019,Harry Potter - Dark Red Quidditch Uniform,Harry Potter,Harry Potter / Chamber of Secrets,4726-1,1,0,,8.51,3.31,
hp020,Draco Malfoy - Green Quidditch Uniform,Draco Malfoy,Harry Potter / Chamber of Secrets,4726-1,1,0,,5.86,3.34,
hp021,Madam Rolanda Hooch - Black Outfit /  Yellow Head /  Cape with White Stripes,Madame Rolanda Hooch,Harry Potter / Chamber of Secrets,"4726-1,HPG01-1",1,0,,10.64,3.83,
hp032,Ron Weasley - Black and White Plaid Shirt,Ron Weasley,Harry Potter / Chamber of Secrets,4727-1,1,0,,5.89,2.79,
hp033,Harry Potter - Dark Blue Jacket Torso /  Light Gray Legs,Harry Potter,Harry Potter / Chamber of Secrets,4727-1,1,0,,6.49,2.28,
hp034,Ron Weasley - Blue Sweater /  Black Cape with Stars,Ron Weasley,Harry Potter / Sorcerer's Stone,4722-1,1,0,,8.38,3.26,
hp035,Harry Potter - Hogwarts Torso /  Light Gray Legs /  Black Wizard / Witch Hat /  Black Cape with Stars,Harry Potter,Harry Potter / Sorcerer's Stone,4701-1,1,0,,21.56,3.01,
hp036,Harry Potter - Gryffindor Shield Torso /  Light Gray Legs /  Medium Violet Cape,Harry Potter,Harry Potter / Sorcerer's Stone,"4706-1,4709-1,4721-1",1,0,,12.67,3.51,
hp038,Harry Potter - Sand Green Sweater Torso /  Blue Legs,Harry Potter,Harry Potter / Chamber of Secrets,4720-1,1,0,,12.25,6.85,
hp039,Lucius Malfoy - Black Suit Torso /  Black Legs,Lucius Malfoy,Harry Potter / Chamber of Secrets,4720-1,1,0,,6.62,6.26,
hp045,Sirius Black - Black Hair,Sirius Black,Harry Potter / Prisoner of Azkaban,"4753-1,4756-1",1,0,,16.88,8.19,
hp046,Dementor - Sand Green with Dark Gray Shroud,Dementor,Harry Potter / Prisoner of Azkaban,"10132-1,4753-1,4757-1,4758-1",1,0,,15.55,10.84,
hp047,Stanley (Stan) Shunpike - Knight Bus Conductor Uniform,Stan Shunpike,Harry Potter / Prisoner of Azkaban,4755-1,1,0,,8.55,5.86,
hp056a,Harry Potter - Gryffindor Stripe Torso /  Dark Bluish Gray Legs /  Plain Black Cape,Harry Potter,Harry Potter / Prisoner of Azkaban,4753-1,1,0,,12.15,6.43,
hp059,Harry Potter - Blue Open Shirt Torso /  Tan Legs /  Light Nougat Hands & Head,Harry Potter,Harry Potter / Prisoner of Azkaban,4755-1,1,0,,10.66,5.08,
hp061,Rubeus Hagrid - Reddish Brown Topcoat (Light Nougat Version with Movable Hands),Rubeus Hagrid,Harry Potter / Prisoner of Azkaban,"4754-1,5378-1",1,0,,12.04,9.08,
hp063,Hermione Granger - Gryffindor Stripe Torso with Time Turner Necklace /  Dark Bluish Gray Legs /  Black Cape,Hermione Granger,Harry Potter / Prisoner of Azkaban,4754-1,1,0,,26.18,14.46,
hp069a,Lord Voldemort - Glow In Dark Opaque Head /  Dark Bluish Gray Dementor Style Cape,Lord Voldemort,Harry Potter / Goblet of Fire,4766-1,1,0,,34.67,56.68,
hp071,Peter Pettigrew (Wormtail) - Light Bluish Gray Suit,Peter Pettigrew,Harry Potter / Goblet of Fire,4766-1,1,0,,16.83,13.86,
hp073a,Death Eater (Lucius Malfoy) - Dark Bluish Gray Dementor Style Cape,Death Eater,Harry Potter / Goblet of Fire,4766-1,1,0,,40.4,15.17,
hp074,Harry Potter - Tournament Uniform Paneled Shirt,Harry Potter,Harry Potter / Goblet of Fire,"4766-1,4768-2",1,0,,14.15,8.73,
hp134,Professor Severus Snape - Dark Purple Shirt /  Black Robes /  Printed Legs,Professor Severus Snape,Harry Potter / General,"75953-1,75956-1",1,0,,3.78,2.35,
hp135,Lucian Bole - Quidditch Uniform,Lucian Bole,Harry Potter / Sorcerer's Stone,75956-1,1,0,,4.17,2.61,
hp136,Marcus Flint - Quidditch Uniform,Marcus Flint,Harry Potter / Sorcerer's Stone,75956-1,1,0,,4.26,2.43,
hp137,Oliver Wood - Quidditch Uniform,Oliver Wood,Harry Potter / Sorcerer's Stone,75956-1,1,0,,5.44,2.9,
hp138,Harry Potter - Quidditch Uniform,Harry Potter,Harry Potter / Sorcerer's Stone,75956-1,1,0,,4.75,2.6,
hp139,Hermione Granger - Gryffindor Sweater,Hermione Granger,Harry Potter / General,"75953-1,75954-1,75956-1",1,0,,2.52,1.43,
hp142,Ron Weasley - Dark Tan Sweater,Ron Weasley,Harry Potter / Chamber of Secrets,"40452-1,75953-1,75968-1",1,0,,2.34,1.44,
hp163,Tina Goldstein,Tina Goldstein,Harry Potter / Fantastic Beasts,75952-1,1,0,,3.12,2.29,
hp164,Queenie Goldstein,Queenie Goldstein,Harry Potter / Fantastic Beasts,75952-1,1,0,,3.44,2.41,
hp165,Newt Scamander - Dark Orange Vest,Newt Scamander,Harry Potter / Fantastic Beasts,75952-1,1,0,,4.5,3.03,
hp166,Jacob Kowalski,Jacob Kowalski,Harry Potter / Fantastic Beasts,75952-1,1,0,,2.65,1.96,
hp175,Harry Potter - Dark Blue Open Jacket /  Dark Tan Medium Legs,Harry Potter,Harry Potter / Prisoner of Azkaban,"75945-1,75947-1,75957-1",1,0,,1.87,1.28,
hp176,Harry Potter - Black and Dark Red Uniform /  Medium Legs,Harry Potter,Harry Potter / Goblet of Fire,75946-1,1,0,,4.78,2.71,
hp177,Viktor Krum - Reddish Brown Jacket,Viktor Krum,Harry Potter / Goblet of Fire,75946-1,1,0,,4.75,2.81,
hp178,Fleur Delacour,Fleur Delacour,Harry Potter / Goblet of Fire,75946-1,1,0,,5.2,2.87,
hp179,Cedric Diggory - Black and Yellow Uniform,Cedric Diggory,Harry Potter / Goblet of Fire,75946-1,1,0,,5.42,3.74,
hp184,Harry Potter - Black Suit /  White Bow Tie /  Medium Legs,Harry Potter,Harry Potter / Goblet of Fire,"75948-1,75981-1",1,0,,2.82,1.69,
hp185,Ron Weasley - Reddish Brown Suit /  Shirt with Ruffle,Ron Weasley,Harry Potter / Goblet of Fire,"75948-1,75981-1",1,0,,2.33,1.63,
hp186,Hermione Granger - Pink Dress,Hermione Granger,Harry Potter / Goblet of Fire,"75948-1,75981-1",1,0,,3.81,2.33,
hp187,Fleur Delacour - Dress,Fleur Delacour,Harry Potter / Goblet of Fire,75948-1,1,0,,3.8,3.03,
hp188,Cedric Diggory - Black Suit and Bow Tie,Cedric Diggory,Harry Potter / Goblet of Fire,75948-1,1,0,,4.16,3.28,
hp189,Viktor Krum - Red Uniform,Viktor Krum,Harry Potter / Goblet of Fire,75948-1,1,0,,3.92,2.88,
hp190,Albus Dumbledore - Lavender Robe /  Dark Tan Hat,Albus Dumbledore,Harry Potter / Goblet of Fire,75948-1,1,0,,5.51,4.21,
hp191,Madame Olympe Maxime - White Dress,Madame Olympe Maxime,Harry Potter / Goblet of Fire,75948-1,1,0,,4.43,3.08,
hp192,Stanley (Stan) Shunpike - Knight Bus Conductor Uniform /  Red Band on Hat,Stan Shunpike,Harry Potter / Prisoner of Azkaban,75957-1,1,0,,3.8,2.21,
hp193,Ernie Prang - Olive Green Vest Knit /  Half Bald,Ernie Prang,Harry Potter / Prisoner of Azkaban,75957-1,1,0,,4.22,2.89,
hp215,Vernon Dursley - Medium Nougat Sweater,Vernon Dursley,Harry Potter / Chamber of Secrets,75968-1,1,0,,4.02,2.89,
hp216,Dudley Dursley - Red Sweater,Dudley Dursley,Harry Potter / Chamber of Secrets,75968-1,1,0,,3.71,1.89,
hp217,Petunia Dursley,Petunia Dursley,Harry Potter / Chamber of Secrets,75968-1,1,0,,4.1,2.57,
hp224,Dobby (Elf) - Light Nougat /  Open Mouth Smile,Dobby,Harry Potter / Chamber of Secrets,75968-1,1,0,,6.72,4.18,
hp233,Harry Potter - Dark Red Plaid Flannel Shirt /  Black Short Legs,Harry Potter,Harry Potter / Chamber of Secrets,75968-1,1,0,,2.68,1.7,
hp329,Professor Mad-Eye Moody - Medium Nougat Jacket (Barty Crouch Jr. Transformation),Alastor 'Mad-Eye' Moody,Harry Potter / General,76397-1,1,0,,7.53,5.74,
hp330,Neville Longbottom - Gryffindor Robe Open /  Black Medium Legs,Neville Longbottom,Harry Potter / General,76397-1,1,0,,2.67,2.08,
hp331,Hermione Granger - Gryffindor Robe Clasped /  Sweater /  Shirt and Tie /  Black Medium Legs,Hermione Granger,Harry Potter / General,76397-1,1,0,,2.56,2.33,
hp335,Kingsley Shacklebolt,Kingsley Shacklebolt,Harry Potter / Order of the Phoenix,76408-1,1,0,,5.52,6.36,
hp336,Nymphadora Tonks - Medium Lavender Hair /  Printed Legs,Nymphadora Tonks,Harry Potter / Order of the Phoenix,76408-1,1,0,,9.54,8.01,
hp337,Sirius Black - Dark Brown Hair /  Olive Green Jacket,Sirius Black,Harry Potter / Order of the Phoenix,76408-1,1,0,,8.86,7.41,
hp338,Harry Potter - Dark Blue Open Jacket /  Blue Legs,Harry Potter,Harry Potter / Order of the Phoenix,76408-1,1,0,,2.93,1.48,
hp339,Ron Weasley - Striped Sweater /  Tan Legs,Ron Weasley,Harry Potter / Order of the Phoenix,76408-1,1,0,,3.8,3.83,
hp340,Molly Weasley - Bright Light Orange Outfit,Molly Weasley,Harry Potter / Order of the Phoenix,76408-1,1,0,,5.86,5.36,
hp341,Kreacher (Elf),Kreacher,Harry Potter / Order of the Phoenix,76408-1,1,0,,11.38,10.08,
hp342,Fred Weasley - Tan Striped Shirt,Fred Weasley,Harry Potter / Order of the Phoenix,76408-1,1,0,,5.47,4.76,
hp343,George Weasley - Tan Striped Shirt,George Weasley,Harry Potter / Order of the Phoenix,76408-1,1,0,,5.16,4.62,
hp413,Harry Potter - Triwizard Uniform /  Flippers,Harry Potter,Harry Potter / Goblet of Fire,76420-1,1,0,,4.18,4.52,
hp414,Viktor Krum - Shark /  Dual Sided Head,Viktor Krum,Harry Potter / Goblet of Fire,76420-1,1,0,,5.81,,
hp415,Hermione Granger - Gryffindor Robe Clasped /  Black Medium Legs /  Sleeping / Awake,Hermione Granger,Harry Potter / Goblet of Fire,76420-1,1,0,,2.76,2.2,
hp416,Ron Weasley - Gryffindor Robe Clasped /  Black Medium Legs /  Sleeping / Awake,Ron Weasley,Harry Potter / Goblet of Fire,76420-1,1,0,,2.81,1.31,
hp417,Merperson - Sand Green Body /  Medium Nougat Wavy Hair,Merperson,Harry Potter / Goblet of Fire,76420-1,1,0,,8.27,7.17,
iaj001,Indiana Jones - Dark Brown Jacket /  Reddish Brown Fedora /  Closed Mouth Lopsided Grin,Indiana Jones,Indiana Jones / General,"20004-1,7198-1,7620-1,7621-1,7622-1,7623-1,7624-1,7625-1,7626-1,7627-1,7628-1,7683-1,852504-1,852719-1,promosw005-1",2,0,,12.26,5.5,
iaj004,German Soldier 4,German Soldier,Indiana Jones / Raiders of the Lost Ark,7622-1,1,0,,8.82,6.36,
iaj005,German Soldier 2,German Soldier,Indiana Jones / Raiders of the Lost Ark,7622-1,1,0,,8.74,6.09,
iaj006,German Soldier 3,German Soldier,Indiana Jones / Raiders of the Lost Ark,7622-1,1,0,,9.34,6.86,
iaj012,Mutt Williams,Mutt Williams,Indiana Jones / Kingdom of the Crystal Skull,"7196-1,7624-1,7627-1,7628-1,852719-1",1,0,,5.14,3.34,
iaj014,Irina Spalko,Irina Spalko,Indiana Jones / Kingdom of the Crystal Skull,"7624-1,7627-1,7628-1,852719-1",1,0,,3.94,2.65,
iaj046,Indiana Jones - Dark Brown Jacket /  Black Tie /  Reddish Brown Dual Molded Hat with Hair /  Light Nougat Hands,Indiana Jones,Indiana Jones / Last Crusade,77012-1,1,0,,5.73,9.48,
iaj047,Professor Henry Jones Sr. - Dark Bluish Gray Pith Helmet,Henry Jones Sr.,Indiana Jones / Last Crusade,77012-1,1,0,,4.72,4.19,
iaj048,Fighter Pilot,German Fighter Pilot,Indiana Jones / Last Crusade,77012-1,1,0,,3.95,4.65,
iaj049,Indiana Jones - Dark Brown Jacket /  Reddish Brown Dual Molded Hat with Hair /  Dark Tan Hands,Indiana Jones,Indiana Jones / Raiders of the Lost Ark,77013-1,1,0,,5.94,4.94,
iaj050,Marion Ravenwood - White Tattered Dress,Marion Ravenwood,Indiana Jones / Raiders of the Lost Ark,77013-1,1,0,,3.97,3.77,
iaj051,Sallah,Sallah,Indiana Jones / Raiders of the Lost Ark,77013-1,1,0,,3.34,5.24,
iaj052,Mummy,Mummy,Indiana Jones / Raiders of the Lost Ark,77013-1,1,0,,4.26,3.69,
idea020,The Eleventh Doctor,The Doctor,LEGO Ideas / General,21304-1,1,0,,27.44,20.2,
idea021,The Twelfth Doctor /  Purple Coat,The Doctor,LEGO Ideas / General,21304-1,1,0,,8.75,9.04,
idea022,Clara Oswald,Clara Oswald,LEGO Ideas / General,21304-1,1,0,,13.63,8.96,
idea023,Weeping Angel,Weeping Angel,LEGO Ideas / General,21304-1,1,0,,33.71,35.1,
idea024,Dalek,Dalek,LEGO Ideas / General,21304-1,2,0,,10.43,8.67,
idea107,Creed Bratton,Creed Bratton,LEGO Ideas / General,21336-1,1,0,,3.34,3.58,
idea108,Kevin Malone,Kevin Malone,LEGO Ideas / General,21336-1,1,0,,4.48,4.06,
idea109,Darryl Philbin,Darryl Philbin,LEGO Ideas / General,21336-1,1,0,,4.43,4.07,
idea110,Oscar Martinez,Oscar Martinez,LEGO Ideas / General,21336-1,1,0,,3.14,1.95,
idea111,Pam Beesly,Pam Beesly,LEGO Ideas / General,21336-1,1,0,,4.99,5.11,
idea112,Jim Halpert,Jim Halpert,LEGO Ideas / General,21336-1,1,0,,5.8,4.98,
idea113,Michael Scott,Michael Scott,LEGO Ideas / General,21336-1,1,0,,7.79,5.98,
idea114,Dwight Schrute,Dwight Schrute,LEGO Ideas / General,21336-1,1,0,,8.17,7.03,
idea115,Angela Martin,Angela Martin,LEGO Ideas / General,21336-1,1,0,,3.34,2.73,
idea116,Stanley Hudson,Stanley Hudson,LEGO Ideas / General,21336-1,1,0,,3.85,3.34,
idea117,Kelly Kapoor,Kelly Kapoor,LEGO Ideas / General,21336-1,1,0,,3.7,2.38,
idea118,Ryan Howard,Ryan Howard,LEGO Ideas / General,21336-1,1,0,,3.57,2.86,
idea119,Phyllis Lapin Vance,Phyllis Lapin Vance,LEGO Ideas / General,21336-1,1,0,,3.26,2.39,
idea120,Meredith Palmer,Meredith Palmer,LEGO Ideas / General,21336-1,1,0,,2.87,2,
idea121,Toby Flenderson,Toby Flenderson,LEGO Ideas / General,21336-1,1,0,,3.91,3.15,
idea151,BTS V,V,LEGO Ideas / General,21339-1,1,0,,6.67,,
idea152,BTS Jin,Jin,LEGO Ideas / General,21339-1,1,0,,5.23,5.36,
idea153,BTS Suga,Suga,LEGO Ideas / General,21339-1,1,0,,8.52,15,
idea154,BTS RM,RM,LEGO Ideas / General,21339-1,1,0,,7.1,,
idea155,BTS Jungkook,Jungkook,LEGO Ideas / General,21339-1,1,0,,6.97,11.66,
idea156,BTS Jimin,Jimin,LEGO Ideas / General,21339-1,1,0,,5.84,,
idea157,BTS J-Hope,J-Hope,LEGO Ideas / General,21339-1,1,0,,6.59,,
jbl001,Jacket Blue - Blue Legs /  Red Cap /  Sunglasses,-,Town / Classic Town,"2140-1,6562-1,6581-1,6649-1",1,0,,1.5,1.49,
jbr002,Jacket Brown - Black Legs /  Black Helmet /  Trans-Light Blue Visor,-,Town / Classic Town,6615-1,1,0,,4.5,1.34,
js004,Jack Stone - Gray Jacket /  Blue legs,-,For Juniors / General,"4605-1,4607-1,4622-1",1,0,,0.75,0.37,
js018,Res-Q - Open Faced Helmet without Sunglasses,-,For Juniors / General,4607-1,1,0,,2.71,0.61,
jw019,Dr. Alan Grant - Medium Blue Shirt with Pockets with Blue Buttons /  Tan Fedora,Alan Grant,Jurassic World / Jurassic Park,"75932-1,75936-1",1,0,,7.09,4.96,
jw028,Dr. Ellie Sattler - Bright Pink Shirt /  Hair over Shoulder,Dr. Ellie Sattler,Jurassic World / Jurassic Park,75932-1,1,0,,5.09,4.55,
jw029,Lex Murphy - Medium Lavender Tank Top,Lex Murphy,Jurassic World / Jurassic Park,75932-1,1,0,,3.92,4.1,
jw030,Tim Murphy - Bright Light Blue Shirt,Tim Murphy,Jurassic World / Jurassic Park,75932-1,1,0,,3.8,3.41,
jw048,Owen Grady - Open Neck Shirt,Owen Grady,Jurassic World / General,"122007-1,122223-1,122331-1,122333-1,122403-1,75937-1,75938-1,76945-1,76947-1,76948-1,76949-1",2,0,,1.88,1.44,
jw077,Rainn Delacourt - Dark Blue and White Shirt,Rainn Delacourt,Jurassic World / Dominion,"122224-1,76945-1,76948-1",2,0,,1.87,1.43,
jw078,Maisie Lockwood - Olive Green Jacket /  Black Beanie,Maisie Lockwood,Jurassic World / Dominion,76946-1,1,0,,3.62,2.84,
jw079,Claire Dearing - Dark Turquoise Shirt,Claire Dearing,Jurassic World / Dominion,"76947-1,76948-1,76949-1",1,0,,3.01,2.11,
jw080,Soyona Santos,Soyona Santos,Jurassic World / Dominion,76948-1,1,0,,5.61,5.38,
jw095,Rainn Delacourt - Dark Blue and Dark Red Shirt,Rainn Delacourt,Jurassic World / Dominion,76946-1,1,0,,3.3,2.37,
jw096,Dr. Alan Grant - Blue Shirt with Water Stains /  Dark Tan Fedora,Alan Grant,Jurassic World / Jurassic Park,76956-1,1,0,,5.09,4.76,
jw097,Dr. Ian Malcolm - Partially Open Shirt with Pocket and Water Stains,Ian Malcolm,Jurassic World / Jurassic Park,76956-1,1,0,,6.33,6.78,
jw098,Lex Murphy - Medium Lavender Tank Top with Dirt Stains,Lex Murphy,Jurassic World / Jurassic Park,76956-1,1,0,,4.15,6.71,
jw099,Tim Murphy - Bright Light Blue Shirt with Dirt Stains,Tim Murphy,Jurassic World / Jurassic Park,76956-1,1,0,,3.86,6.22,
lom004,Life on Mars (LoM) Martian - Antares,-,Space / Life on Mars,7314-1,1,0,,31.67,4.06,
mm001,Mars Mission Alien with Marbled Glow In Dark Torso,-,Space / Mars Mission,"5617-1,7644-1,7645-1,7646-1,7647-1,7648-1,7690-1,7691-1,7692-1,7693-1,7694-1,7695-1,7697-1,7699-1",1,0,,2.06,0.88,
mm011,Mars Mission Astronaut with Helmet and Dual Sided Head,-,Space / Mars Mission,"5619-1,7645-1,7646-1",1,0,,2.69,1.94,
nba030,NBA Player /  Number 4 with Dark Gray Legs,-,Sports / Basketball,3431-1,1,0,,1.99,1.92,
nba031,NBA Player /  Number 10 with Blue Legs,-,Sports / Basketball,3431-1,1,0,,5.39,2.67,
nba032,Basketball Street Player /  Light Gray Torso and Dark Blue Legs,-,Sports / Basketball,3431-1,1,0,,10.69,2.12,
nba033,Basketball Street Player /  Tan Torso and Orange Legs,-,Sports / Basketball,3431-1,1,0,,3.49,1.95,
ovr007,Overalls Black with Pocket /  Black Legs /  Red Construction Helmet,-,Town / Classic Town,"6361-1,6541-1,6542-1,6543-1,6631-1,6682-1",1,0,,1.89,2.08,
ow009,D.Va (Hana Song),D.Va,Overwatch / General,75973-1,1,0,,30.49,25.79,
ow010,Reinhardt Wilhelm,Reinhardt,Overwatch / General,75973-1,1,0,,7.96,8.19,
par002,Horse and Palm - Yellow Legs /  Black Ponytail Hair,-,Town / Paradisa,"6404-1,6418-1",1,0,,6.14,3.27,
par024,Jogging Suit - White Legs /  Red Ponytail Hair,-,Town / Paradisa,"1254-1,6418-1",1,0,,6.57,1.71,
par033,Surfboard on Ocean - Blue Legs /  Blue Cap,-,Town / Paradisa,"6418-1,6547-1",1,0,,3.16,1.29,
par054,Blue Flowers - Yellow Legs /  Brown Ponytail Hair,-,Town / Paradisa,6418-1,1,0,,4.7,3.71,
pck003,Jacket Green with 2 Large Pockets - Blue Legs /  Blue Cap /  Stubble,-,Town / Classic Town,6670-1,1,0,,2.49,1.3,
pln160,Plain Red Torso with Red Arms /  Dark Blue Short Legs /  Lopsided Smile (Child),-,Town / City,7687-1,1,0,,1.97,1.44,
pm003,Rock Monster - Meltrox (Trans-Red),Meltrox,Power Miners / General,"8956-1,8961-1",1,0,,8.11,3.54,
pm004,Rock Monster - Glaciator (Trans-Dark Blue),Glaciator,Power Miners / General,"8707-1,8958-1,8961-1,8964-1",1,0,,9.22,3.48,
pm013,Power Miner - Brains /  Goggles,Dr Brains,Power Miners / General,8961-1,1,0,,3,1.52,
pm014,Power Miner - Engineer /  Goggles,Rex,Power Miners / General,"8708-1,8961-1,8962-1",1,0,,3.21,1.45,
post008,Post Office White Envelope and Stripe /  Black Legs /  Red Short Bill Cap /  Gray Beard,-,Town / City / Post Office,7687-1,1,0,,2.25,1.52,
rac082,Red Blizzard,-,Racers / Drome Racers,4593-1,1,0,,2.99,0.67,
rac083,Zero Hurricane,-,Racers / Drome Racers,4593-1,1,0,,2.99,1.02,
rck002,Bandit,Bandit,Rock Raiders / General,"1275-1,3348-1,4920-1,4930-1,4990-1",1,0,,2.92,1.64,
sc082,Ferrari F8 Tributo Driver,-,SPEED CHAMPIONS / General,76895-1,1,0,,2.15,1.5,
sc095,Lamborghini Countach Driver,-,SPEED CHAMPIONS / General,76908-1,1,0,,2.25,1.64,
sc102,James Bond - Black Tuxedo (No Time To Die),James Bond,SPEED CHAMPIONS / General,76911-1,1,0,,3.47,2.72,
sc103,Dominic Toretto,Dominic Toretto,SPEED CHAMPIONS / General,76912-1,1,0,,3.48,3.06,
sc104,Brian O'Conner,Brian O'Conner,SPEED CHAMPIONS / General,76917-1,1,0,,4.55,4.24,
sh010,Poison Ivy /  Hair Over Shoulder,Poison Ivy,Super Heroes / Batman II,"10937-1,6860-1,76035-1",1,0,,11.04,6.35,
sh013,Hulk - Giant /  Dark Tan Pants,Hulk,Super Heroes / The Avengers,6868-1,1,0,,30.65,16.67,
sh014,Captain America - Dark Blue Suit /  Dark Red Hands /  Mask,Captain America,Super Heroes / The Avengers,6865-1,1,0,,9.74,3.02,
sh017,Wolverine - Hair,Wolverine,Super Heroes / X-Men,6866-1,1,0,,25.2,12.78,
sh018,Thor - Starched Fabric Cape /  Dark Blue Legs,Thor,Super Heroes / The Avengers,"30163-1,6868-1,6869-1",2,0,,6.31,3.31,
sh023,Guard,Guard,Super Heroes / Batman II,"10937-1,6864-1",1,0,,4.6,2.56,
sh029,Chitauri General,Chitauri General,Super Heroes / The Avengers,6865-1,1,0,,4.16,1.99,
sh030,Chitauri Foot Soldier,Chitauri,Super Heroes / The Avengers,"6865-1,6869-1",2,0,,4.01,1.95,
sh031,Magneto - Red Outfit,Magneto,Super Heroes / X-Men,6866-1,1,0,,23.55,13.18,
sh032,Deadpool,Deadpool,Super Heroes / X-Men,6866-1,1,0,,52.39,46.6,
sh033,Loki - 4.0cm Height Starched Fabric Cape,Loki,Super Heroes / The Avengers,"6867-1,6868-1,6869-1",2,0,,11.95,7.62,
sh034,Hawkeye - Black and Dark Red Suit /  Medium Nougat Hair,Hawkeye,Super Heroes / The Avengers,"30165-1,6867-1,6868-1",1,0,,7.56,3.16,
sh035,Black Widow - Black Jumpsuit /  Dark Orange Mid-Length Hair /  Printed Legs /  Black Hands,Black Widow,Super Heroes / The Avengers,6869-1,1,0,,16.88,8.08,
sh036,Iron Man - Mark 7 Armor /  Small Helmet Visor /  Foot Repulsors,Iron Man,Super Heroes / The Avengers,6869-1,1,0,,31.24,17.45,
sh038,Spider-Man - Black Web Pattern,Spider-Man,Super Heroes / Ultimate Spider-Man,"10754-1,30302-1,30305-1,30448-1,30451-1,6873-1,76004-1,76005-1,76014-1,76015-1,76016-1,76057-1,76058-1,76059-1",1,0,,3.53,1.61,
sh048,Batman - Black Wings /  White Headband,Batman,Super Heroes / Batman II,10937-1,1,0,,15.09,7.34,
sh057,Dr. Harleen Quinzel,Harley Quinn,Super Heroes / Batman II,10937-1,1,0,,15.39,13.01,
sh058,Scarecrow,Scarecrow,Super Heroes / Batman II,10937-1,1,0,,21.78,21.8,
sh059,Robin - Black Cape and Hood,Robin,Super Heroes / Batman II,10937-1,1,0,,10.29,8.66,
sh060,The Penguin,The Penguin,Super Heroes / Batman II,"10937-1,76035-1",1,0,,5.86,3.78,
sh061,The Joker - Prison Jumpsuit with Belt,The Joker,Super Heroes / Batman II,10937-1,1,0,,10.99,7.52,
sh065,Iron Man - Mark 42 Armor,Iron Man,Super Heroes / Iron Man 3,76006-1,1,0,,18.61,8.05,
sh066,War Machine - Dark Bluish Gray and Silver Armor with Backpack,War Machine,Super Heroes / Iron Man 3,76006-1,1,0,,23.58,13.75,
sh067,Aldrich Killian,Aldrich Killian,Super Heroes / Iron Man 3,76006-1,1,0,,4.27,2.27,
sh068,Pepper Potts - White Suit,Pepper Potts,Super Heroes / Iron Man 3,76007-1,1,0,,16.43,7.66,
sh069,Tony Stark - Black and Dark Bluish Gray Jumpsuit,Tony Stark,Super Heroes / Iron Man 3,76007-1,1,0,,20.59,9.4,
sh070,The Mandarin (Trevor Slattery) - Dark Green Cape,The Mandarin,Super Heroes / Iron Man 3,76007-1,1,0,,11.39,6.15,
sh071,Extremis Soldier,Extremis Soldier,Super Heroes / Iron Man 3,76007-1,1,0,,4.58,2.85,
sh072a,Iron Man - Mark 42 Armor /  White Head /  Foot Repulsors,Iron Man,Super Heroes / Iron Man 3,76007-1,1,0,,16.23,9.34,
sh073,Iron Man - Mark 17 (Heartbreaker) Armor,Iron Man,Super Heroes / Iron Man 3,76008-1,1,0,,27,13.88,
sh074,The Mandarin (Trevor Slattery),The Mandarin,Super Heroes / Iron Man 3,76008-1,1,0,,4.24,2.66,
sh218,Batman - Dark Bluish Gray Suit /  Gold Belt /  Black Hands /  Spongy Cape /  Large Bat Logo,Batman,Super Heroes / Dawn of Justice,"76045-1,76046-1",1,0,,7.68,3.86,
sh220,Superman - Dark Blue Suit /  Tousled Hair /  Red Boots,Superman,Super Heroes / Dawn of Justice,76046-1,1,0,,11.11,6.67,
sh221,Wonder Woman - Dark Red Torso /  Dark Blue Skirt,Wonder Woman,Super Heroes / Dawn of Justice,"76046-1,76087-1",1,0,,14.75,11.13,
sh222,Lex Luthor - Tan Suit,Lex Luthor,Super Heroes / Dawn of Justice,76046-1,1,0,,4.72,2.69,
sh225,Lois Lane - Black Suit,Lois Lane,Super Heroes / Dawn of Justice,76046-1,1,0,,5.95,3.92,
sh244,Robin - Short Legs,Robin,Super Heroes / Mighty Micros / Batman II,76062-1,1,0,,5.28,2.52,
sh245,Bane - Short Legs,Bane,Super Heroes / Mighty Micros / Batman II,76062-1,1,0,,3.4,1.79,
sh267,Ghost Rider /  Johnathon 'Johnny' Blaze - White Head /  Chain Belt,Ghost Rider,Super Heroes / Spider-Man,76058-1,1,0,,17.38,8.69,
sh268,Hobgoblin,Hobgoblin,Super Heroes / Spider-Man,76058-1,1,0,,18.81,10.75,
sh385,Star-Lord - Silver Armor /  Jet Pack,Star-Lord,Super Heroes / Guardians of the Galaxy Vol. 2,76081-1,1,0,,18.64,9.39,
sh386,Nebula - Dark Azure Head /  Torn Outfit,Nebula,Super Heroes / Guardians of the Galaxy Vol. 2,76081-1,1,0,,15.61,10.83,
sh387,Drax - Dark Blue Legs /  Jet Pack,Drax,Super Heroes / Guardians of the Galaxy Vol. 2,76081-1,1,0,,45.97,34.89,
sh388,Gamora - Silver Armor,Gamora,Super Heroes / Guardians of the Galaxy Vol. 2,76081-1,1,0,,13.79,8.68,
sh389,Groot - Baby,Groot,Super Heroes / Guardians of the Galaxy Vol. 2,76081-1,1,0,,13.9,13.85,
sh420,Spider-Man - Black Web Pattern /  Red Torso Small Vest /  Red Boots,Spider-Man,Super Heroes / Spider-Man Homecoming,"40343-1,76082-1,76083-1,76130-1",1,0,,8.91,5.65,
sh421,Masked Robber - Green Mask /  Striped Shirt,Masked Robber,Super Heroes / Spider-Man Homecoming,76082-1,1,0,,4.01,2.38,
sh422,Masked Robber - Blue Mask /  Red Shirt,Masked Robber,Super Heroes / Spider-Man Homecoming,76082-1,1,0,,5.5,2.63,
sh470,Cyborg,Cyborg,Super Heroes / Justice League,76098-1,1,0,,9.48,7.28,
sh471,Reverse Flash (Zoom),Reverse Flash,Super Heroes / Justice League,76098-1,1,0,,69.19,42.06,
sh472,Killer Frost,Killer Frost,Super Heroes / Justice League,76098-1,1,0,,10.84,8.14,
sh473,The Flash - Gold Outlines on Chest,The Flash,Super Heroes / Justice League,"211904-1,76098-1",1,0,,7.85,5.79,
sh494,Black Widow - Black Jumpsuit /  Bright Light Yellow Short Hair /  Printed Legs,Black Widow,Super Heroes / Avengers Infinity War,76101-1,1,0,,4.49,2.89,
sh495,Captain America - Dark Blue Suit /  Dark Brown Hands /  Hair,Captain America,Super Heroes / Avengers Infinity War,76101-1,1,0,,9.34,4.5,
sh505,Outrider - Extended Arms /  Torso with Long Dark Bluish Gray Tips at Neck,Outrider,Super Heroes / Avengers Infinity War,"76101-1,76103-1,76104-1,76124-1,76125-1,76131-1",2,0,,2.42,1.56,
sh536,Spider-Man - Metallic Light Blue Eye Highlights,Spider-Man,Super Heroes / Spider-Man,"76113-1,76114-1,76115-1,76148-1,76150-1,76151-1,76163-1",1,0,,4.02,2.32,
sh540,Spider-Man (Miles Morales) - Red Webbing on Head /  Black Hands,Miles Morales Spider-Man,Super Heroes / Spider-Man,76113-1,1,0,,11.93,6.46,
sh541,Carnage - Long Appendages,Carnage,Super Heroes / Spider-Man,76113-1,1,0,,11.02,7.66,
sh554,Nick Fury (Young),Nick Fury,Super Heroes / Captain Marvel,"30453-1,76127-1",1,0,,2.99,2.21,
sh605,Captain Marvel (Carol Danvers) - 'Vers' Kree Starforce Uniform,Captain Marvel,Super Heroes / Captain Marvel,"30453-1,77902-1",1,0,,3.78,2.54,
sh612,Iron Man - Silver Hexagon on Chest,Iron Man,Super Heroes / Avengers,"242210-1,76140-1,76164-1,76166-1,76170-1",1,0,,4.85,3.11,
sh665,Rescue (Pepper Potts) - Red Armor,Pepper Potts,Super Heroes / Avengers,"242217-1,76164-1",1,0,,8.45,6.56,
sh668,AIM Agent - Night Vision Goggles,AIM Agent,Super Heroes / Avengers,76164-1,1,0,,2.77,2.32,
sh669,AIM Agent - Backpack,AIM Agent,Super Heroes / Avengers,76164-1,1,0,,2.92,2.21,
sh681,Mysterio - Light Bluish Gray Head /  Satin Trans-Light Blue Helmet /  Single Hole Cape,Mysterio,Super Heroes / Spider-Man,76174-1,1,0,,7.56,7.32,
sh682,Ghost Spider / Spider-Gwen - White Basic Smooth Hood,Ghost Spider,Super Heroes / Spider-Man,"76174-1,76178-1,76279-1",1,0,,8.3,8.07,
sh684,Spider-Man - Printed Arms,Spider-Man,Super Heroes / Spider-Man,"242214-1,40454-1,76172-1,76173-1,76174-1,76175-1,76219-1,76275-1,76279-1",1,0,,3.09,2.26,
sh687,Dr. Octopus (Otto Octavius) / Doc Ock - Dark Green Suit /  Neck Bracket,Doctor Octopus,Super Heroes / Spider-Man,76174-1,1,0,,7.36,6.57,
sh699,Katy,Katy,Super Heroes / Shang-Chi,76176-1,1,0,,4.52,3.4,
sh700,Shang-Chi,Shang-Chi,Super Heroes / Shang-Chi,"30454-1,76176-1,76177-1",1,0,,3.47,2.62,
sh701,Wenwu (The Mandarin),Wenwu,Super Heroes / Shang-Chi,"76176-1,76177-1",1,0,,3.97,3.03,
sh702,Razor Fist,Razor Fist,Super Heroes / Shang-Chi,76176-1,1,0,,4.05,3.11,
sh728,Black Panther - Claw Necklace /  Dark Purple and Lavender Highlights,Black Panther,Super Heroes / The Infinity Saga,"76186-1,76192-1",1,0,,4.28,3.36,
sh729,Captain America - Dark Blue Suit /  Reddish Brown Hands /  Hair /  Dark Brown Eyebrows /  Chin Strap,Captain America,Super Heroes / The Infinity Saga,76192-1,1,0,,7.02,6.2,
sh730,Chitauri - Dark Bluish Gray,Chitauri,Super Heroes / The Infinity Saga,"40525-1,76186-1,76192-1,76193-1,76269-1",1,0,,2.05,1.63,
sh731,Iron Man - Mark 85 Armor /  Hair,Iron Man,Super Heroes / The Infinity Saga,"76192-1,76237-1",1,0,,6.23,5.14,
sh732,The Scarlet Witch (Wanda Maximoff) - Plain Black Legs /  Reddish Brown Hair,Scarlet Witch,Super Heroes / The Infinity Saga,76192-1,1,0,,6.45,5.06,
sh733,Thanos - Large Figure /  Medium Lavender Arms Plain /  Dark Bluish Gray Outfit with Gold Armor /  Smile,Thanos,Super Heroes / The Infinity Saga,76192-1,1,0,,16.48,13.88,
sh734,Thor - Long Dark Tan Hair,Thor,Super Heroes / The Infinity Saga,"40525-1,76192-1,76193-1",1,0,,4.48,3.75,
sh742,Rocket Raccoon - Dark Bluish Gray Outfit /  Reddish Brown Head,Rocket Raccoon,Super Heroes / The Infinity Saga,"76193-1,76231-1",1,0,,4.61,3.92,
sh745,Mantis - Black Belt with Clasps,Mantis,Super Heroes / The Infinity Saga,"76193-1,76231-1",1,0,,4.52,4.49,
sh778,Spider-Man - Black and Red Suit /  Large Gold Spider /  Gold Knee Trim (Integrated Suit),Spider-Man,Super Heroes / Spider-Man No Way Home,"76185-1,76261-1,76280-1",1,0,,5.63,5.07,
sh780,Scarecrow /  no Hat,Scarecrow,Super Heroes / The Dark Knight Trilogy,76239-1,1,0,,9.88,6.55,
sh781,Batman - Black Suit with Copper Belt /  Spongy Cape,Batman,Super Heroes / The Dark Knight Trilogy,76239-1,1,0,,9.25,6.29,
sh782,Spider-Man - Black and Red Suit /  Small Black Spider /  Silver Trim (Upgraded Suit),Spider-Man,Super Heroes / Spider-Man No Way Home,"30443-1,76184-1",1,0,,4.56,4.41,
sh786,Batman - Dark Bluish Gray Suit /  Black Belt /  Black Hands /  Spongy Cape with 1 Hole /  Black Boots,Batman,Super Heroes / The Batman,"76179-1,76181-1,76183-1",1,0,,4.1,3.28,
sh790,The Penguin,The Penguin,Super Heroes / The Batman,76181-1,1,0,,4.32,3.43,
sh793,Wong - Dark Red Robe /  Dark Purple Legs,Wong,Super Heroes / Doctor Strange in the Multiverse of Madness,76205-1,1,0,,4.17,3.28,
sh801,America Chavez,America Chavez,Super Heroes / Doctor Strange in the Multiverse of Madness,76205-1,1,0,,4.75,3.69,
sh802,Doctor Strange - Brooch /  Rubber Cape,Doctor Strange,Super Heroes / Doctor Strange in the Multiverse of Madness,"242317-1,30652-1,76205-1,76218-1,76261-1",3,0,,3.89,4.09,
sh834,Star-Lord - Dark Red Legs,Star-Lord,Super Heroes / Guardians of the Galaxy,76231-1,1,0,,3.09,2.57,
sh835,Nebula - Holiday Sweater,Nebula,Super Heroes / Guardians of the Galaxy,76231-1,1,0,,3.2,3.56,
sh836,Groot /  Teen Groot - Dark Tan with Neck Bracket,Groot,Super Heroes / Guardians of the Galaxy,76231-1,1,0,,4.5,3.98,
sh837,Drax - Holiday Sweater,Drax,Super Heroes / Guardians of the Galaxy,76231-1,1,0,,3.6,3.5,
sh873,Star-Lord - Dark Blue Suit,Star-Lord,Super Heroes / Guardians of the Galaxy Vol. 3,"242402-1,76253-1,76255-1",2,0,,2.97,3.38,
sh874,Groot /  Teen Groot - Dark Tan with Shoulder Armor,Groot,Super Heroes / Guardians of the Galaxy Vol. 3,76253-1,1,0,,3.78,3.76,
sh876,Nebula - Dark Blue Suit,Nebula,Super Heroes / Guardians of the Galaxy Vol. 3,76255-1,1,0,,6.97,7.07,
sh877,Adam Warlock,Adam Warlock,Super Heroes / Guardians of the Galaxy Vol. 3,76255-1,1,0,,21.25,22.49,
sh878,Mantis - Dark Blue Suit,Mantis,Super Heroes / Guardians of the Galaxy Vol. 3,76255-1,1,0,,6.48,7.01,
sh879,Drax - Dark Blue Suit,Drax,Super Heroes / Guardians of the Galaxy Vol. 3,76255-1,1,0,,7.41,8.42,
sh880,Batman - One Piece Cowl and Cape with Simple Bat Logo (1992),Batman,Super Heroes / Tim Burton's Batman,"212330-1,30653-1,76252-1",1,0,,3.89,4.13,
sh888,Green Goblin - Green Outfit without Mask /  Dark Brown Hair,Green Goblin,Super Heroes / Spider-Man No Way Home,76261-1,1,0,,6.64,10.49,
sh889,The Amazing Spider-Man,Spider-Man,Super Heroes / Spider-Man No Way Home,76261-1,1,0,,12.26,16.52,
sh890,Dr. Octopus (Otto Octavius) / Doc Ock - Dark Bluish Gray Outfit /  Mechanical Arms,Doctor Octopus,Super Heroes / Spider-Man No Way Home,76261-1,1,0,,8.17,12.2,
sh891,Electro - Black and Dark Tan Outfit /  Medium Brown Head /  Large Electricity Wings,Electro,Super Heroes / Spider-Man No Way Home,76261-1,1,0,,8.46,,
sh892,Friendly Neighborhood Spider-Man,Spider-Man,Super Heroes / Spider-Man No Way Home,76261-1,1,0,,10.73,14.68,
sh893,Ned Leeds - Red and Yellow Letter Jacket /  Sand Blue Legs,Ned Leeds,Super Heroes / Spider-Man No Way Home,76261-1,1,0,,3.04,3,
sh894,MJ (Michelle Jones) - Dark Tan Striped Sweater /  Dark Brown Wavy Hair,MJ,Super Heroes / Spider-Man No Way Home,76261-1,1,0,,2.65,3.92,
soc055,Soccer Player - Red and Blue Team Goalie with Number 1,-,Sports / Soccer,"3420-1,3420-2,3420-3,3421-1,3422-1,3422-2,3425-1,3425-2",1,0,,7.9,1.42,
soc081,Soccer Player White & Blue Team with shirt #2,-,Sports / Soccer,"3420-1,3420-2,3425-2",1,0,,2.29,1.25,
soc082,Soccer Player White & Blue Team with shirt #4,-,Sports / Soccer,"3420-1,3420-2,3421-1,3425-2",1,0,,6.48,1.12,
soc083,Soccer Player White & Blue Team with shirt #9,-,Sports / Soccer,"3420-1,3420-2,3422-1,3422-2,3425-2",1,0,,2.09,1.3,
soc084,Soccer Player White & Blue Team with shirt #10,-,Sports / Soccer,"3420-1,3420-2,3425-2",1,0,,2.17,1.17,
soc085,Soccer Player White & Blue Team with shirt #11,-,Sports / Soccer,"1430-1,3420-1,3420-2,3423-1,3425-2",2,0,,2.28,1.02,
soc086,Soccer Player - Red and White Team with Number 2,-,Sports / Soccer,"3420-1,3420-2,3425-2",1,0,,3.72,1.65,
soc087,Soccer Player - Red and White Team with Number 4,-,Sports / Soccer,"3420-1,3420-2,3425-2",1,0,,3,1.34,
soc088,Soccer Player - Red and White Team with Number 9,-,Sports / Soccer,"3420-1,3420-2,3421-1,3425-2",1,0,,3.72,1.36,
soc089,Soccer Player - Red and White Team with Number 10,-,Sports / Soccer,"1428-1,3420-1,3420-2,3425-2",1,0,,2.74,1.28,
soc090,Soccer Player - Red and White Team with Number 11,-,Sports / Soccer,"3420-1,3420-2,3421-1,3425-2",1,0,,6.37,1.45,
soc091,Soccer Player - Red and White Team with Number 18,-,Sports / Soccer,"3424-1,3425-2",1,0,,2.99,1.3,
soc094,Soccer Player White & Blue Team with shirt #18,-,Sports / Soccer,"3421-1,3425-2",1,0,,1.49,1.48,
soc098,Soccer Player White Team Goalie with #1,-,Sports / Soccer,"1429-1,3420-1,3420-2,3420-3,3421-1,3423-1,3425-1,3425-2",2,0,,1.99,1.02,
soc106,Soccer Player White & Blue Team with shirt #5,-,Sports / Soccer,3425-2,1,0,,,5.32,
soc135,Soccer Player - Red and White Team with Number 5,-,Sports / Soccer,3425-2,1,0,,,5.16,
soc136,Soccer Player - Red and White Team with Number 8,-,Sports / Soccer,3425-2,1,0,,7.99,2,
soc137,Soccer Player - Red and White Team with Number 14,-,Sports / Soccer,3425-2,1,0,,7.99,2.6,
soc138,Soccer Player - Red and White Team with Number 7,-,Sports / Soccer,3425-2,1,0,,3.5,4.21,
soc139,Soccer Player White & Blue Team with shirt #14,-,Sports / Soccer,3425-2,1,0,,,2.18,
soc140,Soccer Player White & Blue Team with shirt #7,-,Sports / Soccer,3425-2,1,0,,6.29,5.48,
soc141,Soccer Player White & Blue Team with shirt #8,-,Sports / Soccer,3425-2,1,0,,,4.71,
sp008,Exploriens - Dark Gray Helmet and Radio Torso,-,Space / Exploriens,"1737-1,6856-1,6899-1,6938-1,6958-1,6982-1",4,0,,5.87,2.42,
sp009,Exploriens Chief,-,Space / Exploriens,"6815-1,6958-1,6982-1",1,0,,5.45,2.57,
sp012,Exploriens - Helmet with Breathing Apparatus and Hose Torso,-,Space / Exploriens,"1737-1,6854-1,6899-1,6938-1,6982-1",3,0,,4.83,2.46,
sp018,Ice Planet - Male,-,Space / Ice Planet 2002,"1711-1,1731-1,3014-1,6814-1,6879-1,6898-1,6973-1,6983-1",1,0,,14.88,3.56,
spd001a,Spider-Man 1 - Blue Arms and Legs /  Silver Webbing /  Neck Bracket,Spider-Man,Spider-Man / Spider-Man 1,1376-1,1,0,,136.34,54.14,
spd002,Peter Parker 1 - Jacket Blue /  Black Legs /  Brown Male Hair,Peter Parker,Spider-Man / Spider-Man 1,1376-1,1,0,,15.99,5.41,
spd004,Mary Jane 1,Mary Jane Watson,Spider-Man / Spider-Man 1,1374-1,1,0,,8.07,4.1,
spd005a,Green Goblin with Neck Bracket,Green Goblin,Spider-Man / Spider-Man 1,1374-1,1,0,,94.49,41.94,
spd011,Criminal,Dennis Carradine,Spider-Man / Spider-Man 1,4850-1,1,0,,7.5,4.8,
spd012,Spider-Man 2 - Balaclava Face,Spider-Man,Spider-Man / Spider-Man 1,4850-1,1,0,,141.7,56.9,
spd017,J. Jonah Jameson - Vest with Striped Tie /  Flat Top Hair,J. Jonah Jameson,Spider-Man / Spider-Man 2,4855-1,1,0,,8.99,6.27,
spd027,Dr. Octopus (Otto Octavius) / Doc Ock /  Sand Green Jacket /  Sand Green Legs /  Clenched Teeth Smile - With Arms,Doctor Octopus,Spider-Man / Spider-Man 2,4855-1,1,0,,61.38,39.05,
spd028,Spider-Man 3 - Dark Blue Arms and Legs /  Silver Webbing,Spider-Man,Spider-Man / Spider-Man 2,"4853-1,4854-1,4855-1,4856-1,4857-1",1,0,,57.8,31.96,
spd030,Subway Train Conductor,Subway Train Conductor,Spider-Man / Spider-Man 2,4855-1,1,0,,10.87,5.92,
sr001,Speed Racer /  Blue Pullover,Speed Racer,Speed Racer / General,8158-1,1,0,,7,7.96,
sr002,Snake Oiler,Snake Oiler,Speed Racer / General,8158-1,1,0,,6.27,3.05,
sr003,Racer X,Racer X,Speed Racer / General,"8159-1,8160-1",1,0,,8.99,3.48,
sr004,Taejo Togokahn /  White Suit,Taejo Togokahn,Speed Racer / General,8159-1,1,0,,8.36,2.76,
stu002,Director,-,Studios / General,"1349-1,1352-1,1356-1,1360-1,1376-1,1382-1,1411-1,1421-1,4049-1,4052-1,4059-1",1,0,,5.02,1.7,
stu009,Pilot,-,Studios / General,"1349-1,1371-1,1376-1",1,0,,2.91,1.5,
sw0001d,Battle Droid - Tan /  Straight Arms,Battle Droid,Star Wars / Star Wars The Clone Wars,"75372-1,7678-1",1,0,,1.63,1.66,
sw0003,Darth Maul - Hood and Cape /  Sash without Pouch,Darth Maul,Star Wars / Star Wars Episode 1,"3340-1,7101-1,7151-1,7663-1,852551-1",1,0,,19.85,9.75,
sw0004,Darth Vader (Light Gray Head),Darth Vader,Star Wars / Star Wars Episode 4/5/6,"10123-1,3340-1,7150-1,7152-1,7200-1",1,0,,46.98,13.39,
sw0005,Imperial Scout Trooper - Yellow Head /  Dark Gray Torso Print,Scout Trooper,Star Wars / Star Wars Episode 4/5/6,"3342-1,7128-1,7139-1",1,0,,8.09,4.17,
sw0010,C-3PO - Pearl Light Gold,C-3PO,Star Wars / Star Wars Episode 4/5/6,"10144-1,4475-1,4504-1,7106-1,7190-1",1,0,,9.7,6.45,
sw0011,Chewbacca (Brown),Chewbacca,Star Wars / Star Wars Episode 4/5/6,"3342-1,7127-1,7190-1",1,0,,9.91,5.27,
sw0012a,Dak Ralter (with Dark Bluish Gray Hips),Dak Ralter,Star Wars / Star Wars Episode 4/5/6,4500-1,1,0,,8.61,3.67,
sw0013,Gungan Soldier,Gungan Warrior,Star Wars / Star Wars Episode 1,7115-1,1,0,,12.97,6.92,
sw0017,Jar Jar Binks,Jar Jar Binks,Star Wars / Star Wars Episode 1,"7115-1,7121-1,7159-1,7161-1,7171-1",1,0,,7.88,4.24,
sw0019a,Luke Skywalker (Pilot with Dark Bluish Gray Hips),Luke Skywalker,Star Wars / Star Wars Episode 4/5/6,4500-1,1,0,,11.21,4.83,
sw0021,Luke Skywalker (Tatooine),Luke Skywalker,Star Wars / Star Wars Episode 4/5/6,"4501-1,7110-1,7190-1",1,0,,8.31,4.97,
sw0023,Obi-Wan Kenobi with Light Gray Hair (Old),Obi-Wan Kenobi,Star Wars / Star Wars Episode 4/5/6,7110-1,1,0,,13.76,5.64,
sw0027,Qui-Gon Jinn (Yellow Head),Qui-Gon Jinn,Star Wars / Star Wars Episode 1,"7101-1,7121-1,7161-1,7171-1,7204-1",1,0,,13.14,6.21,
sw0028,Astromech Droid /  R2-D2,R2-D2,Star Wars / General,"10144-1,4475-1,4502-1,6212-1,7106-1,7140-1,7141-1,7142-1,7171-1,7190-1,7191-1,7660-1,7669-1,7680-1",1,0,,5.78,2.35,
sw0029,Astromech Droid /  R5-D4 /  Short Red Stripes on Dome,R5-D4,Star Wars / General,"10134-1,7150-1,7152-1,7180-1,7259-1,7262-1,7658-1",1,0,,7.72,3.98,
sw0030,Rebel Engineer,Rebel Engineer,Star Wars / Star Wars Episode 4/5/6,7134-1,1,0,,11.75,5.36,
sw0031,Rebel Pilot A-wing - Yellow Head /  Trans-Yellow Visor /  Green Jumpsuit,Rebel Pilot,Star Wars / Star Wars Episode 4/5/6,7134-1,1,0,,11.15,5.17,
sw0036,Imperial Stormtrooper - Yellow Head,Stormtrooper,Star Wars / Star Wars Episode 4/5/6,"10123-1,7139-1,7146-1,7201-1",1,0,,10.61,6.86,
sw0041,Emperor Palpatine - Yellow Head /  Yellow Hands,Palpatine,Star Wars / Star Wars Episode 4/5/6,"3340-1,7166-1,7200-1",1,0,,19.2,8.66,
sw0047,Security Battle Droid - Dark Red Torso with Tan Insignia /  Angled Arms,Battle Droid Security,Star Wars / Star Wars Episode 1,7204-1,1,0,,9.94,3.81,
sw0048,Battle Droid Commander - Tan with Line /  Angled Arms,Battle Droid Commander,Star Wars / Star Wars Episode 1,"3343-1,7204-1",1,0,,21.13,5.64,
sw0050,Ewok /  Brown Hood (Wicket),Wicket W. Warrick,Star Wars / Star Wars Episode 4/5/6,7139-1,1,0,,11.03,7.77,
sw0051,Yoda - Sand Green,Yoda,Star Wars / General,"4502-1,7103-1,7260-1",1,0,,22.74,10.51,
sw0055,Obi-Wan Kenobi (Young with Dark Orange Hair and Headset),Obi-Wan Kenobi,Star Wars / Star Wars Episode 2,7143-1,1,0,,10.87,6.99,
sw0055a,Obi-Wan Kenobi (Young with Dark Orange Hair /  without Headset),Obi-Wan Kenobi,Star Wars / Star Wars Episode 2,7133-1,1,0,,12.98,9.81,
sw0059,Zam Wesell,Zam Wesell,Star Wars / Star Wars Episode 2,7133-1,1,0,,90.31,70.12,
sw0060,Count Dooku,Count Dooku,Star Wars / Star Wars Episode 2,7103-1,1,0,,48.7,19.87,
sw0061,Battle Droid Geonosian,Battle Droid,Star Wars / Star Wars Episode 2,4478-1,2,0,,30.34,22.06,
sw0062,Geonosian - Dark Gray,Geonosian,Star Wars / Star Wars Episode 2,4478-1,1,0,,18.32,9.75,
sw0063,Droideka (Destroyer Droid) - Brown /  Light Gray /  and Dark Gray,Droideka,Star Wars / General,"7163-1,7203-1",2,0,,19.88,9.84,
sw0067,Ewok /  Tan Hood (Paploo),Paploo,Star Wars / Star Wars Episode 4/5/6,7139-1,1,0,,10.2,7.54,
sw0069,Obi-Wan Kenobi (Young with Padawan Braid Pattern),Obi-Wan Kenobi,Star Wars / Star Wars Episode 1,7203-1,1,0,,32.98,9.43,
sw0076,Bib Fortuna - Cape /  Tan Skin,Bib Fortuna,Star Wars / Star Wars Episode 4/5/6,4475-1,1,0,,32.5,18.69,
sw0078,Geonosian with Wings,Geonosian Warrior,Star Wars / Star Wars Episode 2,4478-1,1,0,,26.56,23.29,
sw0096,Security Battle Droid - Dark Red Torso /  Angled Arm and Straight Arm,Battle Droid Security,Star Wars / General,"7662-1,9494-1,9509-1",1,0,,4.37,2.59,
sw0100,Anakin Skywalker (Padawan) - Yellow Head,Anakin Skywalker,Star Wars / Star Wars Episode 2,7133-1,1,0,,15.99,8.77,
sw0108,Hoth Rebel (Yellow Head /  White Visor Goggles),Hoth Rebel Trooper,Star Wars / Star Wars Episode 4/5/6,4500-1,1,0,,5.4,4.67,
sw0118,Clone Trooper V-wing Pilot (Phase 2) - Sand Blue Arms and Legs /  Black Head,Clone Pilot,Star Wars / Star Wars Episode 3,"6205-1,7259-1",3,0,,11.5,5.82,
sw0120,Anakin Skywalker - Black Right Hand,Anakin Skywalker,Star Wars / Star Wars Episode 3,"7256-1,7283-1",1,0,,16.32,7.03,
sw0216a,EV-A4-D without Sticker,EV-A4-D,Star Wars / Star Wars The Clone Wars,8095-1,1,0,,15.01,7.03,
sw0217,Astromech Droid /  R2-D2 /  Light Bluish Gray Head,R2-D2,Star Wars / General,"10188-1,10198-1,10225-1,10240-1,7877-1,8038-1,8092-1,9490-1,9493-1,9494-1",1,0,,4.01,2.03,
sw0226,Nahdar Vebb,Nahdar Vebb,Star Wars / Star Wars The Clone Wars,8095-1,1,0,,11.7,7.73,
sw0254,General Grievous - Bent Legs /  Tan Armor,General Grievous,Star Wars / Star Wars The Clone Wars,"8095-1,9515-1",1,0,,32.94,24.69,
sw0361,Anakin Skywalker (Sith Face),Darth Vader,Star Wars / Star Wars Episode 3,9494-1,1,0,,38.71,17.04,
sw0362,Obi-Wan Kenobi (Dark Tan Legs),Obi-Wan Kenobi,Star Wars / Star Wars Episode 3,9494-1,1,0,,9.95,5.31,
sw0363,Nute Gunray - Orange Robe,Nute Gunray,Star Wars / Star Wars Episode 3,9494-1,1,0,,22.69,13.27,
sw0515,General Grievous - Bent Legs /  White Armor,General Grievous,Star Wars / General,"75040-1,75199-1,75286-1",1,0,,29.49,21.76,
sw0521,Royal Guard with Dark Red Arms and Hands,Royal Guard,Star Wars / Star Wars Episode 4/5/6,"75034-1,75093-1",2,0,,6.75,4.53,
sw0526,Anakin Skywalker (Dark Brown Legs /  Headset),Anakin Skywalker,Star Wars / Star Wars Episode 3,75038-1,1,0,,26.15,9.09,
sw0527,Astromech Droid /  R2-D2 /  Flat Silver Head /  Red Dots and Small Receptor,R2-D2,Star Wars / General,"75038-1,75059-1,75092-1,75096-1,SDCC2015-2",1,0,,4.91,2.5,
sw0527a,Astromech Droid /  R2-D2 /  Flat Silver Head /  Lavender Dots and Small Receptor,R2-D2,Star Wars / General,"4002019-1,75136-1,75159-1,75168-1,75214-1,75218-1,75221-1,75222-1,75228-1,75235-1,75244-1,75257-1,75522-1,912057-1",1,0,,3.58,2.19,
sw0532,Chewbacca - Medium Nougat Fur,Chewbacca,Star Wars / General,"40658-1,75042-1,75094-1,75105-1,75159-1,75174-1,75180-1,75192-1,75193-1,75222-1,75234-1,75245-1,75257-1,75290-1,75339-1,75365-1,75371-1,912404-1",1,0,,4.33,3.29,26
sw0535,Obi-Wan Kenobi (Dark Tan Printed Legs),Obi-Wan Kenobi,Star Wars / Star Wars Episode 3,75040-1,1,0,,12.83,6.51,
sw0552,Obi-Wan Kenobi (Dark Brown Hooded Coat),Obi-Wan Kenobi,Star Wars / Star Wars Episode 4/5/6,"75052-1,75159-1,75173-1,75221-1",1,0,,10.29,7.3,
sw0585,Imperial Stormtrooper - Printed Legs /  Dark Blue Helmet Vents,Stormtrooper,Star Wars / General,"75055-1,75060-1,75097-1,75146-1,75159-1,75165-1,75172-1,75186-1,75222-1",2,0,,8.82,6.08,
sw0620,Tusken Raider - Head Spikes /  Crossed Belts,Tusken Raider,Star Wars / Star Wars Episode 4/5/6,"75081-1,75173-1,75198-1",1,0,,6.03,3.91,
sw0634,Emperor Palpatine,Palpatine,Star Wars / Star Wars Episode 4/5/6,75093-1,1,0,,13.37,8.36,
sw0635,Luke Skywalker - Jedi Master /  Dark Tan Smooth Hair,Luke Skywalker,Star Wars / Star Wars Episode 4/5/6,"75093-1,75146-1,75159-1,75291-1,75302-1",1,0,,6.71,3.9,
sw0636,Darth Vader (Type 2 Helmet),Darth Vader,Star Wars / Star Wars Episode 4/5/6,75093-1,1,0,,16.97,13.78,
sw0655,Unkar's Thug,Unkar's Thug,Star Wars / Star Wars Episode 7,"75099-1,75184-1",1,0,,3.23,2.23,
sw0657,First Order Snowtrooper with Kama,First Order Snowtrooper,Star Wars / General,"75100-1,75202-1",2,0,,5.73,3.87,
sw0661,BB-8 (Small Photoreceptor),BB-8,Star Wars / General,"75102-1,75105-1,75148-1,75149-1,75176-1,75178-1,75187-1,75192-1,75201-1",1,0,,3.94,2.86,
sw0666,First Order Flametrooper,First Order Flametrooper,Star Wars / Star Wars Episode 7,"75103-1,75149-1,75166-1,75177-1",1,0,,5.62,3.98,
sw0667,First Order Stormtrooper (Rounded Mouth Pattern),First Order Stormtrooper,Star Wars / General,"75103-1,75132-1,75139-1,75166-1,75179-1,75184-1,75189-1,75190-1",3,0,,4.79,3.09,
sw0671,First Order Crew Member (Fleet Engineer / Gunner) - Light Nougat Head,First Order Crew Member,Star Wars / General,"75101-1,75104-1,75132-1,75177-1,75197-1",1,0,,3.32,2.24,
sw0673,Kanjiklub Gang Member (Crokind Shand),Crokind Shand,Star Wars / Star Wars Episode 7,75105-1,1,0,,5.93,4.21,
sw0674,Tasu Leech,Tasu Leech,Star Wars / Star Wars Episode 7,75105-1,1,0,,7.29,5.19,
sw0675,Han Solo /  Old (Lopsided Grin),Han Solo,Star Wars / Star Wars Episode 7,75105-1,1,0,,10.75,6.76,
sw0676,Finn - Medium Nougat Jacket /  Black Legs,Finn,Star Wars / Star Wars Episode 7,"75105-1,75139-1,75178-1,75192-1,911834-1",1,0,,3.85,2.42,
sw0677,Rey - Dark Tan Tied Robe,Rey,Star Wars / Star Wars Episode 7,"75099-1,75105-1,75148-1,75178-1,75192-1,75236-1",2,0,,4.91,2.91,
sw0694,First Order Crew Member - Cap with Insignia,First Order Crew Member,Star Wars / Star Wars Episode 7,75132-1,1,0,,3.37,2.52,
sw0695,First Order Heavy Assault Stormtrooper (Rounded Mouth Pattern),First Order Stormtrooper,Star Wars / Star Wars Episode 7,75132-1,1,0,,5.22,3.5,
sw0700,C-3PO - Colorful Wires /  Printed Legs,C-3PO,Star Wars / Star Wars Episode 4/5/6,"75136-1,75159-1,75173-1,75192-1,75222-1,75228-1,75244-1,75247-1,75257-1,75271-1,75290-1",2,0,,5.11,3.44,
sw0704,Obi-Wan Kenobi (Headset),Obi-Wan Kenobi,Star Wars / Star Wars Episode 3,75135-1,1,0,,14.14,6.09,
sw0706,Astromech Droid /  R4-P17 - Silver Band Around Dome /  Black Outline Rectangles,R4-P17,Star Wars / General,"75135-1,75191-1",1,0,,9.11,5.66,
sw0711,Boba Fett - Pauldron Cloth with Dark Orange Stripe Pattern,Boba Fett,Star Wars / Star Wars Episode 4/5/6,"75137-1,75243-1",1,0,,19.64,13.89,
sw0778,Luke Skywalker (Tatooine /  White Legs /  Stern / Smile Face Print),Luke Skywalker,Star Wars / Star Wars Episode 4/5/6,"75159-1,75173-1,75220-1,75270-1,75279-1,75290-1,75341-1,911943-1",1,0,,5.31,3.22,
sw0780,Bistan,Bistan,Star Wars / Star Wars Rogue One,75155-1,1,0,,14.15,9.28,
sw0790,Cassian Andor (Dark Blue Coat),Cassian Andor,Star Wars / Star Wars Rogue One,75155-1,1,0,,22.48,14.3,
sw0791,Jyn Erso,Jyn Erso,Star Wars / Star Wars Rogue One,75155-1,1,0,,44.91,34.72,
sw0792,Rebel Trooper (Corporal Eskro Casrich),Rebel Trooper,Star Wars / Star Wars Rogue One,75155-1,1,0,,12.46,8.87,
sw0793,Rebel Pilot U-wing / Y-wing,U-wing Pilot,Star Wars / Star Wars Rogue One,"75155-1,75172-1",1,0,,9,6.19,
sw0807,Imperial Death Trooper,Imperial Death Trooper,Star Wars / Star Wars Rogue One,"75165-1,75213-1",2,0,,14.06,10.2,
sw0808,Darth Maul - Horns /  Printed Legs /  Open Mouth,Darth Maul,Star Wars / Star Wars Episode 1,"75169-1,75224-1",1,0,,11.93,7.53,
sw0810,Qui-Gon Jinn /  without Cape,Qui-Gon Jinn,Star Wars / Star Wars Episode 1,75169-1,1,0,,19.15,12.63,
sw0812,Obi-Wan Kenobi (Young /  Printed Legs /  without Cape),Obi-Wan Kenobi,Star Wars / Star Wars Episode 1,75169-1,1,0,,8.53,5.09,
sw0819,Rebel Pilot A-wing (Jake Farrell),A-wing Pilot,Star Wars / Star Wars Episode 4/5/6,"75175-1,75247-1",1,0,,10.89,8.24,
sw0830,4-LOM,4-LOM,Star Wars / Star Wars Episode 4/5/6,"75167-1,75243-1",1,0,,7.2,5.41,
sw0832,First Order Officer (Colonel Erich S. Datoo),First Order Officer,Star Wars / Star Wars Episode 7,75166-1,1,0,,4.41,2.91,
sw0884,Resistance Pilot A-wing (Tallissan 'Tallie' Lintra),Tallissan Lintra,Star Wars / Star Wars Episode 8,75196-1,1,0,,14.59,10.72,
sw0885,Kylo Ren without Cape,Kylo Ren,Star Wars / Star Wars Episode 8,"75196-1,75216-1",1,0,,9.28,6.56,
sw0887,Luke Skywalker /  Old,Luke Skywalker,Star Wars / Star Wars Episode 8,75200-1,1,0,,23.44,17.33,
sw0888,Rey - Dark Tan Jacket,Rey,Star Wars / Star Wars Episode 8,75200-1,1,0,,5.7,4.4,
sw0890,Captain Poe Dameron (Headset),Poe Dameron,Star Wars / Star Wars Episode 8,75202-1,1,0,,10.27,9.08,
sw0891,Admiral Ematt,General Ematt,Star Wars / Star Wars Episode 8,75202-1,1,0,,21.87,18.24,
sw0892,Resistance Trooper - Dark Tan Hoodie Jacket /  Ammo Pouch /  Stubble /  Helmet with Chin Guard,Resistance Trooper,Star Wars / Star Wars Episode 8,75202-1,1,0,,16.01,13.76,
sw0915,Han Solo /  White Jacket /  Black Legs with Dirt Stains,Han Solo,Star Wars / Star Wars Solo,75209-1,1,0,,8.89,7.59,
sw0916,Qi'ra - Jacket with Collar,Qi'ra,Star Wars / Star Wars Solo,75209-1,1,0,,6.62,8.35,
sw0943,Astromech Droid /  R2-Q2 (Large Red Dots),R2-Q2,Star Wars / Star Wars Episode 4/5/6,75218-1,1,0,,12,7.46,
sw0944,Biggs Darklighter - Dual Molded Helmet,Biggs Darklighter,Star Wars / Star Wars Episode 4/5/6,75218-1,1,0,,20.95,15.86,
sw0952,Luke Skywalker - Pilot /  Dual Molded Helmet,Luke Skywalker,Star Wars / Star Wars Episode 4/5/6,75218-1,1,0,,29.38,19.67,
sw0971,Luke Skywalker (Cloud City /  Dark Tan Shirt),Luke Skywalker,Star Wars / Star Wars Episode 4/5/6,"75222-1,75294-1,912065-1",1,0,,8.79,7.49,
sw1001,Anakin Skywalker - Short Legs /  Reddish Brown Aviator Cap,Anakin Skywalker,Star Wars / Star Wars Episode 1,"75223-1,75258-1",1,0,,5.16,3.86,
sw1020,Zuckuss,Zuckuss,Star Wars / Star Wars Episode 4/5/6,75243-1,1,0,,48.61,44.32,
sw1021,Han Solo /  Dark Brown Legs with Holster Pattern /  Dark Blue Jacket /  Wavy Hair /  Smile / Frown,Han Solo,Star Wars / Star Wars Episode 4/5/6,75243-1,1,0,,6.79,7.05,
sw1022,Princess Leia (20th Anniversary Torso),Princess Leia,Star Wars / Star Wars Episode 4/5/6,75243-1,1,0,,22.96,18.44,
sw1023,Padme Naberrie (Amidala) /  Medium Legs,Padm Amidala,Star Wars / Star Wars Episode 1,75258-1,1,0,,11.68,9.11,
sw1024,Luke Skywalker (Pilot /  20th Anniversary Torso),Luke Skywalker,Star Wars / Star Wars Episode 4/5/6,75258-1,1,0,,9.57,6.67,
sw1034,BB-8 (Large Photoreceptor),BB-8,Star Wars / General,"40658-1,75242-1,75250-1,75297-1,912173-1",1,0,,3.36,2.92,
sw1049,Poe Dameron (White Shirt),Poe Dameron,Star Wars / Star Wars Episode 9,75249-1,1,0,,8.8,6.27,
sw1050,Zorii Bliss,Zorii Bliss,Star Wars / Star Wars Episode 9,"75249-1,75263-1",1,0,,5.54,4.35,
sw1051,D-O,D-O,Star Wars / Star Wars Episode 9,"75249-1,75257-1,75278-1",1,0,,3.6,2.79,
sw1052,Astromech Droid /  K3-R1,Astromech Droid,Star Wars / Star Wars Episode 9,75249-1,1,0,,10.68,9.59,
sw1053,First Order Snowtrooper with Cape,First Order Snowtrooper,Star Wars / Star Wars Episode 9,75249-1,1,0,,7.1,5.54,
sw1054,Rey - White Tied Robe,Rey,Star Wars / Star Wars Episode 9,"75250-1,75279-1,75284-1,912173-1",1,0,,4.89,4.02,
sw1055,First Order Jet Trooper,First Order Jet Trooper,Star Wars / Star Wars Episode 9,75250-1,1,0,,10.09,8.28,
sw1056,First Order Treadspeeder Driver,First Order Treadspeeder Driver,Star Wars / Star Wars Episode 9,75250-1,1,0,,6.43,5.38,
sw1057,The Mandalorian / Din Djarin / 'Mando' - Brown Durasteel Armor,Din Djarin,Star Wars / Star Wars The Mandalorian,"75254-1,75292-1",1,0,,9.57,6.76,
sw1074,Tusken Raider - Head Spikes /  Diagonal Belt,Tusken Raider,Star Wars / Star Wars Episode 4/5/6,"75265-1,75270-1,75299-1,75307-1,912283-1",1,0,,4.07,3.07,
sw1077,Mandalorian Tribe Warrior - Female /  Black Cape /  Light Bluish Gray Helmet with Antenna / Rangefinder,Mandalorian Warrior,Star Wars / Star Wars The Mandalorian,75267-1,1,0,,4.75,3.68,
sw1078,Mandalorian Tribe Warrior - Female /  Dark Brown Cape /  Green Helmet with Antenna / Rangefinder,Mandalorian Warrior,Star Wars / Star Wars The Mandalorian,"75267-1,912168-1",1,0,,4.65,3.59,
sw1079,Mandalorian Tribe Warrior - Male /  Dark Brown Cape /  Dark Orange Helmet,Mandalorian Warrior,Star Wars / Star Wars The Mandalorian,75267-1,1,0,,4.74,3.65,
sw1080,Mandalorian Tribe Warrior - Male /  Olive Green Cape /  Dark Azure Helmet,Mandalorian Warrior,Star Wars / Star Wars The Mandalorian,75267-1,1,0,,4.65,3.67,
sw1112,Darth Vader - Printed Arms /  Traditional Starched Fabric Cape,Darth Vader,Star Wars / Star Wars Episode 4/5/6,"75294-1,75296-1",1,0,,17.18,14.85,
sw1113,Din Grogu / The Child / 'Baby Yoda',Grogu,Star Wars / Star Wars The Mandalorian,"75292-1,75299-1,75315-1,75318-1,75325-1,75331-1,75361-1,75363-1",3,0,,4.64,3.9,
sw1114,Greef Karga,Greef Karga,Star Wars / Star Wars The Mandalorian,75292-1,1,0,,7.04,5.44,
sw1115,IG-11,IG-11,Star Wars / Star Wars The Mandalorian,"75292-1,75307-1",1,0,,4.41,3.89,
sw1116,Imperial Scout Trooper - Male /  Dual Molded Helmet /  Light Nougat Head /  Cheek Lines,Scout Trooper,Star Wars / Star Wars The Mandalorian,"75292-1,75307-1,912307-1",1,0,,7.4,7.39,
sw1135,The Mandalorian / Din Djarin / 'Mando' - Silver Beskar Armor /  Cape,Din Djarin,Star Wars / Star Wars The Mandalorian,"75299-1,75312-1,75315-1",1,0,,6.43,4.68,
sw1136,NI-L8 Protocol Droid,NI-L8,Star Wars / Star Wars Episode 4/5/6,75300-1,1,0,,5.36,4.28,
sw1137,Imperial Stormtrooper - Male /  Dual Molded Helmet with Light Bluish Gray Panels on Back /  Light Nougat Head /  Frown,Stormtrooper,Star Wars / Star Wars Episode 4/5/6,"75300-1,75307-1",1,0,,6.58,5.24,
sw1138,Imperial TIE Fighter Pilot - Light Nougat Head /  Frown,TIE Fighter Pilot,Star Wars / Star Wars Episode 4/5/6,75300-1,1,0,,4.77,3.42,
sw1230,Luthen Rael,Luthen Rael,Star Wars / Star Wars Andor,75338-1,1,0,,15.64,15.64,
sw1231,Cassian Andor (Medium Tan Head),Cassian Andor,Star Wars / Star Wars Andor,75338-1,1,0,,14.55,14.87,
sw1232,Pre-Mor Security Deputy Inspector Syril Karn,Syril Karn,Star Wars / Star Wars Andor,75338-1,1,0,,13.63,13.88,
sw1246,Clone Trooper Officer /  501st Legion (Phase 2) - White Arms /  Blue Rangefinder /  Nougat Head /  Helmet with Holes,Clone Trooper Officer,Star Wars / Star Wars The Clone Wars,75345-1,1,0,,3.73,3.36,
sw1247,Clone Heavy Trooper /  501st Legion (Phase 2) - White Arms /  Blue Visor /  Backpack /  Nougat Head /  Helmet with Holes,Clone Heavy Trooper,Star Wars / Star Wars The Clone Wars,75345-1,2,0,,3.62,3.54,
sw1248,Clone Trooper Specialist /  501st Legion (Phase 2) - Blue Arms /  Macrobinoculars /  Nougat Head /  Helmet with Holes,Clone Trooper Specialist,Star Wars / Star Wars The Clone Wars,75345-1,1,0,,3.8,3.56,
sw1258,The Mandalorian / Din Djarin / 'Mando' - Silver Beskar Armor /  Jet Pack /  Helmet with Top Lines,Din Djarin,Star Wars / Star Wars The Mandalorian,"75348-1,75361-1,75363-1",1,0,,7.31,7.24,
sw1264,Princess Leia - Olive Green Endor Outfit /  Helmet,Princess Leia,Star Wars / Star Wars Episode 4/5/6,75353-1,1,0,,10.34,12.81,
sw1265,Imperial Scout Trooper - Male /  Dual Molded Helmet /  Light Nougat Head /  Dark Brown Eyebrows /  Frown,Scout Trooper,Star Wars / Star Wars Episode 4/5/6,75353-1,1,0,,5.23,5.89,
sw1266,Luke Skywalker - Dark Tan Endor Outfit /  Helmet,Luke Skywalker,Star Wars / Star Wars Episode 4/5/6,75353-1,1,0,,10.81,10.82,
sw1276,Clone Trooper /  501st Legion /  332nd Company (Phase 2) - Helmet with Holes and Togruta Markings /  Blue Jet Pack,Clone Trooper,Star Wars / Star Wars The Clone Wars,75359-1,2,0,,3.95,3.78,
sw1277,Clone Captain Vaughn /  501st Legion /  332nd Company (Phase 2) - Helmet with Holes and Togruta Markings /  Orange Visor,Captain Vaughn,Star Wars / Star Wars The Clone Wars,75359-1,1,0,,4.03,3.56,
sw1278,Clone Trooper /  501st Legion /  332nd Company (Phase 2) - Helmet with Holes and Togruta Markings,Clone Trooper,Star Wars / Star Wars The Clone Wars,75359-1,1,0,,3.9,3.91,
sw1287,Bo-Katan Kryze - Printed Arms /  Dark Orange Hair,Bo-Katan Kryze,Star Wars / Star Wars The Mandalorian,75361-1,1,0,,23.15,20.35,
sw1299,Professor Huyang,Professor Huyang,Star Wars / Star Wars Ahsoka,75362-1,1,0,,8.73,10.53,
sw1300,Ahsoka Tano (Adult) - Printed Arms,Ahsoka Tano,Star Wars / Star Wars Ahsoka,75362-1,1,0,,13.08,14.44,
sw1301,Marrok /  Inquisitor,Marrok,Star Wars / Star Wars Ahsoka,75362-1,1,0,,12.05,12.65,
sw1302,Sabine Wren - Dark Brown Armor,Sabine Wren,Star Wars / Star Wars Ahsoka,75362-1,1,0,,12.03,12.99,
sw1305,Clone Shock Trooper /  Coruscant Guard (Phase 2) - Nougat Head,Clone Trooper,Star Wars / Star Wars The Clone Wars,"75354-1,75372-1,912403-1",1,0,,7.74,7.32,
sw1307,Lt. Beyta,Lieutenant Beyta,Star Wars / Star Wars Ahsoka,75357-1,1,0,,18.76,17.6,
sw1308,Astromech Droid /  C1-10P (Chopper) - White Body,C1-10P (Chopper),Star Wars / Star Wars Ahsoka,75357-1,1,0,,22.35,18.97,
sw1309,Jacen Syndulla,Jacen Syndulla,Star Wars / Star Wars Ahsoka,75357-1,1,0,,17.08,18.84,
sw1310,First Officer Hawkins,Lieutenant Vic Hawkins,Star Wars / Star Wars Ahsoka,75357-1,1,0,,15.61,13.9,
sw1311,Hera Syndulla - Dark Brown Arms,Hera Syndulla,Star Wars / Star Wars Ahsoka,75357-1,1,0,,34.01,30.74,
sw1319,Clone Trooper (Phase 2) - Nougat Head,Clone Trooper,Star Wars / Star Wars The Clone Wars,75372-1,3,0,,4.5,3.87,
sw1320,Battle Droid - Tan /  Angled Arms /  Light Bluish Gray Clip on Back,Battle Droid,Star Wars / Star Wars The Clone Wars,75372-1,1,0,,1.5,1.8,
sw1321,Super Battle Droid - Pearl Dark Gray /  Narrow Head /  Chest Light Indent,Super Battle Droid,Star Wars / Star Wars The Clone Wars,75372-1,3,0,,1.95,1.77,
tlm089,Classic Space Droid - Light Bluish Gray and Blue with Trans-Yellow Eye (Benny's Droid),Benny,The LEGO Movie / General,"70816-1,70841-1",1,0,,0.78,0.88,
tlm107,Benny - Smile / Scared,Benny,The LEGO Movie 2 / General,"70821-1,70841-1",1,0,,3.62,2.25,
tlm108,Classic Space - Dark Pink with Air Tanks and Updated Helmet (Lenny),Lenny,The LEGO Movie 2 / General,70841-1,1,0,,10.98,8.17,
tlm109,Classic Space - Yellow with Air Tanks and Updated Helmet (Second Reissue - Kenny),Kenny,The LEGO Movie 2 / General,70841-1,1,0,,5.54,3.82,
tlm110,Classic Space - White with Air Tanks and Updated Helmet (Third Reissue - Jenny),Jenny,The LEGO Movie 2 / General,"10497-1,70841-1",1,0,,4,3.07,
toy001,Green Army Man - Plain,Green Army Man,Toy Story / General,"30071-1,7595-1",3,0,,5.63,3.9,
toy002,Green Army Man - Medic with Backpack,Green Army Man,Toy Story / General,7595-1,1,0,,7.62,4.8,
uagt003,Agent Max Burns,Agent Max Burns,Ultra Agents / General,70160-1,1,0,,6.4,2.36,
uagt004,Adam Acid,Adam Acid,Ultra Agents / General,70160-1,1,0,,4.34,2.1,
vik002,Viking Warrior 3d,-,Vikings / General,7016-1,1,0,,19.98,6.82,
vik003,Viking Warrior 4c,-,Vikings / General,"7016-1,7017-1",1,0,,11.21,6.41,
vik005,Viking Warrior 5a /  Viking King - Black Cape,-,Vikings / General,7018-1,1,0,,12.97,11.73,
vik006,Viking Warrior 6b - Dark Red Hips and Black Legs,-,Vikings / General,"7018-1,7019-1",1,0,,8.6,7.92,
vik007,Viking Warrior 3c,-,Vikings / General,7018-1,1,0,,9.65,6.01,
vik008,Viking Warrior 4d,-,Vikings / General,7018-1,1,0,,9.47,6.06,
vik009,Viking Warrior 2e,-,Vikings / General,7018-1,1,0,,10.89,5.66,
vik010,Viking Warrior 4b,-,Vikings / General,7018-1,1,0,,10.39,7.2,
wc005,Police - World City Patrolman /  Dark Blue Shirt with Badge and Radio /  Black Legs /  Black Cap /  Smile,-,Town / World City / Police,"4850-1,7030-1",2,0,,3.09,1.71,
wtr001,Town Vest Formal - Waiter with Moustache,-,Town / Paradisa,"6314-1,6410-1,6416-1,6418-1,6543-1,6547-1,9293-1",1,0,,3.8,1.76,
wtr005,Town Vest Formal - Waiter with Chef's Hat,-,Town / City,7687-1,1,0,,1.11,1.56,